"EDULIT_IND","Indicator","LOCATION","Country","TIME","Time","Value","Flag Codes","Flags"
"LR_AG15T99","Adult literacy rate, population 15+ years, both sexes (%)","PAK","Pakistan","1981","1981",25.72519,,
"LR_AG15T99","Adult literacy rate, population 15+ years, both sexes (%)","PAK","Pakistan","1998","1998",42.69931,,
"LR_AG15T99","Adult literacy rate, population 15+ years, both sexes (%)","PAK","Pakistan","2005","2005",49.87364,,
"LR_AG15T99","Adult literacy rate, population 15+ years, both sexes (%)","PAK","Pakistan","2006","2006",54.15121,,
"LR_AG15T99","Adult literacy rate, population 15+ years, both sexes (%)","PAK","Pakistan","2008","2008",55.52637,,
"LR_AG15T99","Adult literacy rate, population 15+ years, both sexes (%)","PAK","Pakistan","2009","2009",54.89264,,
"LR_AG15T99","Adult literacy rate, population 15+ years, both sexes (%)","PAK","Pakistan","2010","2010",55.37519,,
"LR_AG15T99","Adult literacy rate, population 15+ years, both sexes (%)","PAK","Pakistan","2011","2011",54.73802,,
"LR_AG15T99","Adult literacy rate, population 15+ years, both sexes (%)","PAK","Pakistan","2012","2012",56.76434,,
"LR_AG15T99","Adult literacy rate, population 15+ years, both sexes (%)","PAK","Pakistan","2013","2013",55.59499,,
"LR_AG15T99","Adult literacy rate, population 15+ years, both sexes (%)","PAK","Pakistan","2014","2014",56.97715,,
"LR_AG15T99","Adult literacy rate, population 15+ years, both sexes (%)","BRA","Brazil","1980","1980",74.58673,,
"LR_AG15T99","Adult literacy rate, population 15+ years, both sexes (%)","BRA","Brazil","2000","2000",86.36788,,
"LR_AG15T99","Adult literacy rate, population 15+ years, both sexes (%)","BRA","Brazil","2004","2004",88.61624,,
"LR_AG15T99","Adult literacy rate, population 15+ years, both sexes (%)","BRA","Brazil","2006","2006",89.61523,,
"LR_AG15T99","Adult literacy rate, population 15+ years, both sexes (%)","BRA","Brazil","2007","2007",90.00937,,
"LR_AG15T99","Adult literacy rate, population 15+ years, both sexes (%)","BRA","Brazil","2008","2008",90.03662,,
"LR_AG15T99","Adult literacy rate, population 15+ years, both sexes (%)","BRA","Brazil","2009","2009",90.29821,,
"LR_AG15T99","Adult literacy rate, population 15+ years, both sexes (%)","BRA","Brazil","2010","2010",90.37918,,
"LR_AG15T99","Adult literacy rate, population 15+ years, both sexes (%)","BRA","Brazil","2011","2011",91.41124,,
"LR_AG15T99","Adult literacy rate, population 15+ years, both sexes (%)","BRA","Brazil","2012","2012",91.33785,,
"LR_AG15T99","Adult literacy rate, population 15+ years, both sexes (%)","BRA","Brazil","2013","2013",91.48424,,
"LR_AG15T99","Adult literacy rate, population 15+ years, both sexes (%)","BRA","Brazil","2014","2014",91.72943,,
"LR_AG15T99","Adult literacy rate, population 15+ years, both sexes (%)","ESP","Spain","1981","1981",92.80977,,
"LR_AG15T99","Adult literacy rate, population 15+ years, both sexes (%)","ESP","Spain","1991","1991",96.49497,,
"LR_AG15T99","Adult literacy rate, population 15+ years, both sexes (%)","ESP","Spain","2004","2004",97.16512,,
"LR_AG15T99","Adult literacy rate, population 15+ years, both sexes (%)","ESP","Spain","2005","2005",97.75069,,
"LR_AG15T99","Adult literacy rate, population 15+ years, both sexes (%)","ESP","Spain","2007","2007",97.93884,,
"LR_AG15T99","Adult literacy rate, population 15+ years, both sexes (%)","ESP","Spain","2008","2008",97.63061,,
"LR_AG15T99","Adult literacy rate, population 15+ years, both sexes (%)","ESP","Spain","2009","2009",97.67927,,
"LR_AG15T99","Adult literacy rate, population 15+ years, both sexes (%)","ESP","Spain","2010","2010",97.7489,,
"LR_AG15T99","Adult literacy rate, population 15+ years, both sexes (%)","ESP","Spain","2011","2011",97.78375,,
"LR_AG15T99","Adult literacy rate, population 15+ years, both sexes (%)","ESP","Spain","2012","2012",97.89454,,
"LR_AG15T99","Adult literacy rate, population 15+ years, both sexes (%)","ESP","Spain","2013","2013",98.07913,,
"LR_AG15T99","Adult literacy rate, population 15+ years, both sexes (%)","ESP","Spain","2014","2014",98.09372,,
"LR_AG15T99","Adult literacy rate, population 15+ years, both sexes (%)","ESP","Spain","2015","2015",98.14326,,
"LR_AG15T99","Adult literacy rate, population 15+ years, both sexes (%)","ESP","Spain","2016","2016",98.25051,,
"LR_AG15T99","Adult literacy rate, population 15+ years, both sexes (%)","DZA","Algeria","1987","1987",49.63088,,
"LR_AG15T99","Adult literacy rate, population 15+ years, both sexes (%)","DZA","Algeria","2002","2002",69.8735,,
"LR_AG15T99","Adult literacy rate, population 15+ years, both sexes (%)","DZA","Algeria","2006","2006",72.64868,,
"LR_AG15T99","Adult literacy rate, population 15+ years, both sexes (%)","DZA","Algeria","2008","2008",75.13605,,
"LR_AG15T99","Adult literacy rate, population 15+ years, both sexes (%)","MLT","Malta","1985","1985",86.92984,"‡","UIS Estimation"
"LR_AG15T99","Adult literacy rate, population 15+ years, both sexes (%)","MLT","Malta","1995","1995",87.8687,,
"LR_AG15T99","Adult literacy rate, population 15+ years, both sexes (%)","MLT","Malta","2005","2005",92.36309,,
"LR_AG15T99","Adult literacy rate, population 15+ years, both sexes (%)","MLT","Malta","2011","2011",93.30736,,
"LR_AG15T99","Adult literacy rate, population 15+ years, both sexes (%)","LSO","Lesotho","2000","2000",86.25443,,
"LR_AG15T99","Adult literacy rate, population 15+ years, both sexes (%)","LSO","Lesotho","2009","2009",75.8002,"‡","UIS Estimation"
"LR_AG15T99","Adult literacy rate, population 15+ years, both sexes (%)","LSO","Lesotho","2014","2014",76.6352,"‡","UIS Estimation"
"LR_AG15T99","Adult literacy rate, population 15+ years, both sexes (%)","AZE","Azerbaijan","1999","1999",98.7918,,
"LR_AG15T99","Adult literacy rate, population 15+ years, both sexes (%)","AZE","Azerbaijan","2007","2007",99.60191,,
"LR_AG15T99","Adult literacy rate, population 15+ years, both sexes (%)","AZE","Azerbaijan","2009","2009",99.75984,,
"LR_AG15T99","Adult literacy rate, population 15+ years, both sexes (%)","AZE","Azerbaijan","2010","2010",99.77114,"+","National Estimation"
"LR_AG15T99","Adult literacy rate, population 15+ years, both sexes (%)","AZE","Azerbaijan","2011","2011",99.77863,"+","National Estimation"
"LR_AG15T99","Adult literacy rate, population 15+ years, both sexes (%)","AZE","Azerbaijan","2012","2012",99.77577,"+","National Estimation"
"LR_AG15T99","Adult literacy rate, population 15+ years, both sexes (%)","AZE","Azerbaijan","2013","2013",99.78936,"+","National Estimation"
"LR_AG15T99","Adult literacy rate, population 15+ years, both sexes (%)","AZE","Azerbaijan","2014","2014",99.78899,"+","National Estimation"
"LR_AG15T99","Adult literacy rate, population 15+ years, both sexes (%)","AZE","Azerbaijan","2015","2015",99.78806,,
"LR_AG15T99","Adult literacy rate, population 15+ years, both sexes (%)","AZE","Azerbaijan","2016","2016",99.79006,,
"LR_AG15T99","Adult literacy rate, population 15+ years, both sexes (%)","SRB","Serbia","2011","2011",97.96241,,
"LR_AG15T99","Adult literacy rate, population 15+ years, both sexes (%)","SRB","Serbia","2016","2016",98.84151,,
"LR_AG15T99","Adult literacy rate, population 15+ years, both sexes (%)","KHM","Cambodia","1998","1998",67.33503,,
"LR_AG15T99","Adult literacy rate, population 15+ years, both sexes (%)","KHM","Cambodia","2004","2004",73.60995,,
"LR_AG15T99","Adult literacy rate, population 15+ years, both sexes (%)","KHM","Cambodia","2008","2008",77.58654,,
"LR_AG15T99","Adult literacy rate, population 15+ years, both sexes (%)","KHM","Cambodia","2009","2009",73.90003,,
"LR_AG15T99","Adult literacy rate, population 15+ years, both sexes (%)","TJK","Tajikistan","1989","1989",97.69402,,
"LR_AG15T99","Adult literacy rate, population 15+ years, both sexes (%)","TJK","Tajikistan","2000","2000",99.45068,,
"LR_AG15T99","Adult literacy rate, population 15+ years, both sexes (%)","SSD","South Sudan","2008","2008",26.83128,,
"LR_AG15T99","Adult literacy rate, population 15+ years, both sexes (%)","CIV","Côte d'Ivoire","1988","1988",34.13928,,
"LR_AG15T99","Adult literacy rate, population 15+ years, both sexes (%)","CIV","Côte d'Ivoire","1998","1998",36.35024,,
"LR_AG15T99","Adult literacy rate, population 15+ years, both sexes (%)","CIV","Côte d'Ivoire","2000","2000",48.74076,,
"LR_AG15T99","Adult literacy rate, population 15+ years, both sexes (%)","CIV","Côte d'Ivoire","2012","2012",40.98163,"‡","UIS Estimation"
"LR_AG15T99","Adult literacy rate, population 15+ years, both sexes (%)","CIV","Côte d'Ivoire","2014","2014",43.90842,,
"LR_AG15T99","Adult literacy rate, population 15+ years, both sexes (%)","JOR","Jordan","1979","1979",66.79681,,
"LR_AG15T99","Adult literacy rate, population 15+ years, both sexes (%)","JOR","Jordan","2003","2003",89.89232,,
"LR_AG15T99","Adult literacy rate, population 15+ years, both sexes (%)","JOR","Jordan","2005","2005",91.13075,,
"LR_AG15T99","Adult literacy rate, population 15+ years, both sexes (%)","JOR","Jordan","2007","2007",92.19958,,
"LR_AG15T99","Adult literacy rate, population 15+ years, both sexes (%)","JOR","Jordan","2010","2010",92.55104,,
"LR_AG15T99","Adult literacy rate, population 15+ years, both sexes (%)","JOR","Jordan","2011","2011",95.90445,,
"LR_AG15T99","Adult literacy rate, population 15+ years, both sexes (%)","JOR","Jordan","2012","2012",97.89032,,
"LR_AG15T99","Adult literacy rate, population 15+ years, both sexes (%)","MDA","Republic of Moldova","1989","1989",96.37755,,
"LR_AG15T99","Adult literacy rate, population 15+ years, both sexes (%)","MDA","Republic of Moldova","2000","2000",96.6538,,
"LR_AG15T99","Adult literacy rate, population 15+ years, both sexes (%)","MDA","Republic of Moldova","2012","2012",99.13831,,
"LR_AG15T99","Adult literacy rate, population 15+ years, both sexes (%)","LAO","Lao People's Democratic Republic","1995","1995",60.25133,,
"LR_AG15T99","Adult literacy rate, population 15+ years, both sexes (%)","LAO","Lao People's Democratic Republic","2000","2000",69.58312,,
"LR_AG15T99","Adult literacy rate, population 15+ years, both sexes (%)","LAO","Lao People's Democratic Republic","2001","2001",68.73439,,
"LR_AG15T99","Adult literacy rate, population 15+ years, both sexes (%)","LAO","Lao People's Democratic Republic","2005","2005",72.70226,,
"LR_AG15T99","Adult literacy rate, population 15+ years, both sexes (%)","LAO","Lao People's Democratic Republic","2011","2011",58.28794,"‡","UIS Estimation"
"LR_AG15T99","Adult literacy rate, population 15+ years, both sexes (%)","TUR","Turkey","1975","1975",61.62768,,
"LR_AG15T99","Adult literacy rate, population 15+ years, both sexes (%)","TUR","Turkey","1980","1980",65.69434,,
"LR_AG15T99","Adult literacy rate, population 15+ years, both sexes (%)","TUR","Turkey","1985","1985",75.96824,,
"LR_AG15T99","Adult literacy rate, population 15+ years, both sexes (%)","TUR","Turkey","1990","1990",79.23245,,
"LR_AG15T99","Adult literacy rate, population 15+ years, both sexes (%)","TUR","Turkey","2004","2004",87.36549,,
"LR_AG15T99","Adult literacy rate, population 15+ years, both sexes (%)","TUR","Turkey","2005","2005",88.22906,,
"LR_AG15T99","Adult literacy rate, population 15+ years, both sexes (%)","TUR","Turkey","2006","2006",88.11939,,
"LR_AG15T99","Adult literacy rate, population 15+ years, both sexes (%)","TUR","Turkey","2007","2007",88.6559,,
"LR_AG15T99","Adult literacy rate, population 15+ years, both sexes (%)","TUR","Turkey","2009","2009",90.81672,,
"LR_AG15T99","Adult literacy rate, population 15+ years, both sexes (%)","TUR","Turkey","2010","2010",92.6606,,
"LR_AG15T99","Adult literacy rate, population 15+ years, both sexes (%)","TUR","Turkey","2011","2011",94.10609,,
"LR_AG15T99","Adult literacy rate, population 15+ years, both sexes (%)","TUR","Turkey","2012","2012",94.91975,"+","National Estimation"
"LR_AG15T99","Adult literacy rate, population 15+ years, both sexes (%)","TUR","Turkey","2013","2013",95.25666,,
"LR_AG15T99","Adult literacy rate, population 15+ years, both sexes (%)","TUR","Turkey","2014","2014",95.43963,,
"LR_AG15T99","Adult literacy rate, population 15+ years, both sexes (%)","TUR","Turkey","2015","2015",95.60142,,
"LR_AG15T99","Adult literacy rate, population 15+ years, both sexes (%)","POL","Poland","1978","1978",98.74274,,
"LR_AG15T99","Adult literacy rate, population 15+ years, both sexes (%)","AGO","Angola","2001","2001",67.40542,,
"LR_AG15T99","Adult literacy rate, population 15+ years, both sexes (%)","AGO","Angola","2014","2014",66.03011,,
"LR_AG15T99","Adult literacy rate, population 15+ years, both sexes (%)","MYS","Malaysia","1980","1980",69.51633,,
"LR_AG15T99","Adult literacy rate, population 15+ years, both sexes (%)","MYS","Malaysia","1991","1991",82.91537,,
"LR_AG15T99","Adult literacy rate, population 15+ years, both sexes (%)","MYS","Malaysia","2000","2000",88.68776,,
"LR_AG15T99","Adult literacy rate, population 15+ years, both sexes (%)","MYS","Malaysia","2010","2010",93.11789,,
"LR_AG15T99","Adult literacy rate, population 15+ years, both sexes (%)","BGD","Bangladesh","1981","1981",29.22723,,
"LR_AG15T99","Adult literacy rate, population 15+ years, both sexes (%)","BGD","Bangladesh","1991","1991",35.3193,,
"LR_AG15T99","Adult literacy rate, population 15+ years, both sexes (%)","BGD","Bangladesh","2001","2001",47.4855,,
"LR_AG15T99","Adult literacy rate, population 15+ years, both sexes (%)","BGD","Bangladesh","2007","2007",46.6636,"‡","UIS Estimation"
"LR_AG15T99","Adult literacy rate, population 15+ years, both sexes (%)","BGD","Bangladesh","2011","2011",47.07731,"‡","UIS Estimation"
"LR_AG15T99","Adult literacy rate, population 15+ years, both sexes (%)","BGD","Bangladesh","2016","2016",72.75872,,
"LR_AG15T99","Adult literacy rate, population 15+ years, both sexes (%)","RWA","Rwanda","1978","1978",38.24343,,
"LR_AG15T99","Adult literacy rate, population 15+ years, both sexes (%)","RWA","Rwanda","1991","1991",57.85349,,
"LR_AG15T99","Adult literacy rate, population 15+ years, both sexes (%)","RWA","Rwanda","2000","2000",64.8886,,
"LR_AG15T99","Adult literacy rate, population 15+ years, both sexes (%)","RWA","Rwanda","2010","2010",65.85227,"‡","UIS Estimation"
"LR_AG15T99","Adult literacy rate, population 15+ years, both sexes (%)","RWA","Rwanda","2012","2012",68.33103,,
"LR_AG15T99","Adult literacy rate, population 15+ years, both sexes (%)","VUT","Vanuatu","1979","1979",52.87392,,
"LR_AG15T99","Adult literacy rate, population 15+ years, both sexes (%)","VUT","Vanuatu","1999","1999",74,,
"LR_AG15T99","Adult literacy rate, population 15+ years, both sexes (%)","GIN","Guinea","1996","1996",20.55375,,
"LR_AG15T99","Adult literacy rate, population 15+ years, both sexes (%)","GIN","Guinea","2003","2003",29.70402,,
"LR_AG15T99","Adult literacy rate, population 15+ years, both sexes (%)","GIN","Guinea","2010","2010",25.30774,,
"LR_AG15T99","Adult literacy rate, population 15+ years, both sexes (%)","GIN","Guinea","2014","2014",32.00386,,
"LR_AG15T99","Adult literacy rate, population 15+ years, both sexes (%)","IDN","Indonesia","1980","1980",67.31267,,
"LR_AG15T99","Adult literacy rate, population 15+ years, both sexes (%)","IDN","Indonesia","1990","1990",81.51985,,
"LR_AG15T99","Adult literacy rate, population 15+ years, both sexes (%)","IDN","Indonesia","2004","2004",90.38479,,
"LR_AG15T99","Adult literacy rate, population 15+ years, both sexes (%)","IDN","Indonesia","2006","2006",91.98227,,
"LR_AG15T99","Adult literacy rate, population 15+ years, both sexes (%)","IDN","Indonesia","2008","2008",92.1923,,
"LR_AG15T99","Adult literacy rate, population 15+ years, both sexes (%)","IDN","Indonesia","2009","2009",92.5817,,
"LR_AG15T99","Adult literacy rate, population 15+ years, both sexes (%)","IDN","Indonesia","2011","2011",92.81191,,
"LR_AG15T99","Adult literacy rate, population 15+ years, both sexes (%)","IDN","Indonesia","2014","2014",95.11622,,
"LR_AG15T99","Adult literacy rate, population 15+ years, both sexes (%)","IDN","Indonesia","2015","2015",95.21793,,
"LR_AG15T99","Adult literacy rate, population 15+ years, both sexes (%)","IDN","Indonesia","2016","2016",95.37697,,
"LR_AG15T99","Adult literacy rate, population 15+ years, both sexes (%)","HRV","Croatia","1991","1991",96.70155,,
"LR_AG15T99","Adult literacy rate, population 15+ years, both sexes (%)","HRV","Croatia","2001","2001",98.14668,,
"LR_AG15T99","Adult literacy rate, population 15+ years, both sexes (%)","HRV","Croatia","2011","2011",99.12536,,
"LR_AG15T99","Adult literacy rate, population 15+ years, both sexes (%)","GEO","Georgia","2002","2002",99.65235,,
"LR_AG15T99","Adult literacy rate, population 15+ years, both sexes (%)","GEO","Georgia","2014","2014",99.58619,,
"LR_AG15T99","Adult literacy rate, population 15+ years, both sexes (%)","SAU","Saudi Arabia","1992","1992",70.82165,,
"LR_AG15T99","Adult literacy rate, population 15+ years, both sexes (%)","SAU","Saudi Arabia","2000","2000",79.35094,,
"LR_AG15T99","Adult literacy rate, population 15+ years, both sexes (%)","SAU","Saudi Arabia","2004","2004",82.85774,,
"LR_AG15T99","Adult literacy rate, population 15+ years, both sexes (%)","SAU","Saudi Arabia","2013","2013",94.42634,,
"LR_AG15T99","Adult literacy rate, population 15+ years, both sexes (%)","KAZ","Kazakhstan","1989","1989",97.52938,,
"LR_AG15T99","Adult literacy rate, population 15+ years, both sexes (%)","KAZ","Kazakhstan","1999","1999",99.51266,,
"LR_AG15T99","Adult literacy rate, population 15+ years, both sexes (%)","KAZ","Kazakhstan","2009","2009",99.73241,,
"LR_AG15T99","Adult literacy rate, population 15+ years, both sexes (%)","KAZ","Kazakhstan","2010","2010",99.78163,"‡","UIS Estimation"
"LR_AG15T99","Adult literacy rate, population 15+ years, both sexes (%)","SVN","Slovenia","1991","1991",99.52452,,
"LR_AG15T99","Adult literacy rate, population 15+ years, both sexes (%)","BIH","Bosnia and Herzegovina","1991","1991",89.06359,"‡","UIS Estimation"
"LR_AG15T99","Adult literacy rate, population 15+ years, both sexes (%)","BIH","Bosnia and Herzegovina","2000","2000",96.6631,,
"LR_AG15T99","Adult literacy rate, population 15+ years, both sexes (%)","BIH","Bosnia and Herzegovina","2011","2011",98.14204,"‡","UIS Estimation"
"LR_AG15T99","Adult literacy rate, population 15+ years, both sexes (%)","BIH","Bosnia and Herzegovina","2013","2013",96.99177,,
"LR_AG15T99","Adult literacy rate, population 15+ years, both sexes (%)","PRT","Portugal","1981","1981",79.43561,,
"LR_AG15T99","Adult literacy rate, population 15+ years, both sexes (%)","PRT","Portugal","1991","1991",87.94785,,
"LR_AG15T99","Adult literacy rate, population 15+ years, both sexes (%)","PRT","Portugal","2011","2011",94.47705,,
"LR_AG15T99","Adult literacy rate, population 15+ years, both sexes (%)","AIA","Anguilla","1984","1984",95.4071,,
"LR_AG15T99","Adult literacy rate, population 15+ years, both sexes (%)","ITA","Italy","1981","1981",96.46054,,
"LR_AG15T99","Adult literacy rate, population 15+ years, both sexes (%)","ITA","Italy","2001","2001",98.41662,,
"LR_AG15T99","Adult literacy rate, population 15+ years, both sexes (%)","ITA","Italy","2011","2011",98.84828,,
"LR_AG15T99","Adult literacy rate, population 15+ years, both sexes (%)","MDV","Maldives","1977","1977",82.29996,,
"LR_AG15T99","Adult literacy rate, population 15+ years, both sexes (%)","MDV","Maldives","1985","1985",92.23005,,
"LR_AG15T99","Adult literacy rate, population 15+ years, both sexes (%)","MDV","Maldives","1990","1990",96.01826,,
"LR_AG15T99","Adult literacy rate, population 15+ years, both sexes (%)","MDV","Maldives","1995","1995",96.3265,,
"LR_AG15T99","Adult literacy rate, population 15+ years, both sexes (%)","MDV","Maldives","2006","2006",98.3979,,
"LR_AG15T99","Adult literacy rate, population 15+ years, both sexes (%)","MDV","Maldives","2014","2014",98.61012,,
"LR_AG15T99","Adult literacy rate, population 15+ years, both sexes (%)","NPL","Nepal","1981","1981",20.57367,,
"LR_AG15T99","Adult literacy rate, population 15+ years, both sexes (%)","NPL","Nepal","1991","1991",32.97559,,
"LR_AG15T99","Adult literacy rate, population 15+ years, both sexes (%)","NPL","Nepal","2001","2001",48.60897,,
"LR_AG15T99","Adult literacy rate, population 15+ years, both sexes (%)","NPL","Nepal","2011","2011",59.62725,,
"LR_AG15T99","Adult literacy rate, population 15+ years, both sexes (%)","MDG","Madagascar","2000","2000",70.68617,,
"LR_AG15T99","Adult literacy rate, population 15+ years, both sexes (%)","MDG","Madagascar","2009","2009",64.48091,"‡","UIS Estimation"
"LR_AG15T99","Adult literacy rate, population 15+ years, both sexes (%)","MDG","Madagascar","2012","2012",71.57262,,
"LR_AG15T99","Adult literacy rate, population 15+ years, both sexes (%)","HTI","Haiti","1982","1982",34.73469,,
"LR_AG15T99","Adult literacy rate, population 15+ years, both sexes (%)","HTI","Haiti","2003","2003",58.7439,,
"LR_AG15T99","Adult literacy rate, population 15+ years, both sexes (%)","HTI","Haiti","2006","2006",48.68502,"‡","UIS Estimation"
"LR_AG15T99","Adult literacy rate, population 15+ years, both sexes (%)","SYR","Syrian Arab Republic","1981","1981",55.6545,,
"LR_AG15T99","Adult literacy rate, population 15+ years, both sexes (%)","SYR","Syrian Arab Republic","2002","2002",82.88825,,
"LR_AG15T99","Adult literacy rate, population 15+ years, both sexes (%)","SYR","Syrian Arab Republic","2004","2004",80.84452,,
"LR_AG15T99","Adult literacy rate, population 15+ years, both sexes (%)","PRI","Puerto Rico","1980","1980",86.74606,,
"LR_AG15T99","Adult literacy rate, population 15+ years, both sexes (%)","PRI","Puerto Rico","1990","1990",89.6225,,
"LR_AG15T99","Adult literacy rate, population 15+ years, both sexes (%)","PRI","Puerto Rico","2010","2010",91.96523,,
"LR_AG15T99","Adult literacy rate, population 15+ years, both sexes (%)","ZAF","South Africa","1980","1980",76.20049,,
"LR_AG15T99","Adult literacy rate, population 15+ years, both sexes (%)","ZAF","South Africa","1996","1996",82.4021,,
"LR_AG15T99","Adult literacy rate, population 15+ years, both sexes (%)","ZAF","South Africa","2007","2007",88.71725,,
"LR_AG15T99","Adult literacy rate, population 15+ years, both sexes (%)","ZAF","South Africa","2009","2009",92.89486,,
"LR_AG15T99","Adult literacy rate, population 15+ years, both sexes (%)","ZAF","South Africa","2010","2010",92.87732,,
"LR_AG15T99","Adult literacy rate, population 15+ years, both sexes (%)","ZAF","South Africa","2011","2011",93.10214,,
"LR_AG15T99","Adult literacy rate, population 15+ years, both sexes (%)","ZAF","South Africa","2012","2012",93.72947,,
"LR_AG15T99","Adult literacy rate, population 15+ years, both sexes (%)","ZAF","South Africa","2014","2014",94.1399,,
"LR_AG15T99","Adult literacy rate, population 15+ years, both sexes (%)","ZAF","South Africa","2015","2015",94.36792,,
"LR_AG15T99","Adult literacy rate, population 15+ years, both sexes (%)","BFA","Burkina Faso","1975","1975",8.68515,,
"LR_AG15T99","Adult literacy rate, population 15+ years, both sexes (%)","BFA","Burkina Faso","1991","1991",13.56923,,
"LR_AG15T99","Adult literacy rate, population 15+ years, both sexes (%)","BFA","Burkina Faso","1996","1996",12.84817,,
"LR_AG15T99","Adult literacy rate, population 15+ years, both sexes (%)","BFA","Burkina Faso","2003","2003",21.82292,,
"LR_AG15T99","Adult literacy rate, population 15+ years, both sexes (%)","BFA","Burkina Faso","2005","2005",23.55372,,
"LR_AG15T99","Adult literacy rate, population 15+ years, both sexes (%)","BFA","Burkina Faso","2006","2006",22.47258,,
"LR_AG15T99","Adult literacy rate, population 15+ years, both sexes (%)","BFA","Burkina Faso","2007","2007",28.72921,,
"LR_AG15T99","Adult literacy rate, population 15+ years, both sexes (%)","BFA","Burkina Faso","2014","2014",34.5994,,
"LR_AG15T99","Adult literacy rate, population 15+ years, both sexes (%)","TON","Tonga","1976","1976",99.59246,,
"LR_AG15T99","Adult literacy rate, population 15+ years, both sexes (%)","TON","Tonga","1996","1996",98.90537,,
"LR_AG15T99","Adult literacy rate, population 15+ years, both sexes (%)","TON","Tonga","2006","2006",99.01846,,
"LR_AG15T99","Adult literacy rate, population 15+ years, both sexes (%)","TON","Tonga","2011","2011",99.38553,,
"LR_AG15T99","Adult literacy rate, population 15+ years, both sexes (%)","IRN","Iran (Islamic Republic of)","1976","1976",36.5184,,
"LR_AG15T99","Adult literacy rate, population 15+ years, both sexes (%)","IRN","Iran (Islamic Republic of)","1986","1986",52.31976,,
"LR_AG15T99","Adult literacy rate, population 15+ years, both sexes (%)","IRN","Iran (Islamic Republic of)","1991","1991",65.5314,,
"LR_AG15T99","Adult literacy rate, population 15+ years, both sexes (%)","IRN","Iran (Islamic Republic of)","1996","1996",73.06025,,
"LR_AG15T99","Adult literacy rate, population 15+ years, both sexes (%)","IRN","Iran (Islamic Republic of)","2002","2002",77,,
"LR_AG15T99","Adult literacy rate, population 15+ years, both sexes (%)","IRN","Iran (Islamic Republic of)","2005","2005",82.4412,,
"LR_AG15T99","Adult literacy rate, population 15+ years, both sexes (%)","IRN","Iran (Islamic Republic of)","2006","2006",82.33132,,
"LR_AG15T99","Adult literacy rate, population 15+ years, both sexes (%)","IRN","Iran (Islamic Republic of)","2008","2008",82.9623,,
"LR_AG15T99","Adult literacy rate, population 15+ years, both sexes (%)","IRN","Iran (Islamic Republic of)","2012","2012",83.62599,,
"LR_AG15T99","Adult literacy rate, population 15+ years, both sexes (%)","IRN","Iran (Islamic Republic of)","2013","2013",84.6268,,
"LR_AG15T99","Adult literacy rate, population 15+ years, both sexes (%)","IRN","Iran (Islamic Republic of)","2014","2014",84.70524,,
"LR_AG15T99","Adult literacy rate, population 15+ years, both sexes (%)","SYC","Seychelles","1987","1987",84.22922,,
"LR_AG15T99","Adult literacy rate, population 15+ years, both sexes (%)","SYC","Seychelles","1994","1994",87.81115,,
"LR_AG15T99","Adult literacy rate, population 15+ years, both sexes (%)","SYC","Seychelles","2002","2002",91.83646,,
"LR_AG15T99","Adult literacy rate, population 15+ years, both sexes (%)","SYC","Seychelles","2010","2010",93.95423,,
"LR_AG15T99","Adult literacy rate, population 15+ years, both sexes (%)","PNG","Papua New Guinea","2000","2000",57.34326,,
"LR_AG15T99","Adult literacy rate, population 15+ years, both sexes (%)","KWT","Kuwait","1975","1975",59.56439,,
"LR_AG15T99","Adult literacy rate, population 15+ years, both sexes (%)","KWT","Kuwait","1980","1980",67.51766,,
"LR_AG15T99","Adult literacy rate, population 15+ years, both sexes (%)","KWT","Kuwait","1985","1985",74.49087,,
"LR_AG15T99","Adult literacy rate, population 15+ years, both sexes (%)","KWT","Kuwait","1995","1995",78.3955,,
"LR_AG15T99","Adult literacy rate, population 15+ years, both sexes (%)","KWT","Kuwait","2005","2005",93.27446,,
"LR_AG15T99","Adult literacy rate, population 15+ years, both sexes (%)","KWT","Kuwait","2006","2006",93.28212,,
"LR_AG15T99","Adult literacy rate, population 15+ years, both sexes (%)","KWT","Kuwait","2007","2007",93.66419,,
"LR_AG15T99","Adult literacy rate, population 15+ years, both sexes (%)","KWT","Kuwait","2008","2008",93.8983,,
"LR_AG15T99","Adult literacy rate, population 15+ years, both sexes (%)","KWT","Kuwait","2010","2010",94.46901,,
"LR_AG15T99","Adult literacy rate, population 15+ years, both sexes (%)","KWT","Kuwait","2012","2012",95.51317,,
"LR_AG15T99","Adult literacy rate, population 15+ years, both sexes (%)","KWT","Kuwait","2013","2013",95.58582,,
"LR_AG15T99","Adult literacy rate, population 15+ years, both sexes (%)","KWT","Kuwait","2015","2015",95.68545,,
"LR_AG15T99","Adult literacy rate, population 15+ years, both sexes (%)","HUN","Hungary","1980","1980",98.85829,,
"LR_AG15T99","Adult literacy rate, population 15+ years, both sexes (%)","ARM","Armenia","1989","1989",98.75196,,
"LR_AG15T99","Adult literacy rate, population 15+ years, both sexes (%)","ARM","Armenia","2001","2001",99.40016,,
"LR_AG15T99","Adult literacy rate, population 15+ years, both sexes (%)","ARM","Armenia","2011","2011",99.74441,,
"LR_AG15T99","Adult literacy rate, population 15+ years, both sexes (%)","ETH","Ethiopia","1994","1994",27.01136,,
"LR_AG15T99","Adult literacy rate, population 15+ years, both sexes (%)","ETH","Ethiopia","2004","2004",35.9,,
"LR_AG15T99","Adult literacy rate, population 15+ years, both sexes (%)","ETH","Ethiopia","2005","2005",29.82034,"‡","UIS Estimation"
"LR_AG15T99","Adult literacy rate, population 15+ years, both sexes (%)","ETH","Ethiopia","2007","2007",38.99598,,
"LR_AG15T99","Adult literacy rate, population 15+ years, both sexes (%)","SUR","Suriname","2004","2004",89.59806,,
"LR_AG15T99","Adult literacy rate, population 15+ years, both sexes (%)","SUR","Suriname","2008","2008",94.62094,,
"LR_AG15T99","Adult literacy rate, population 15+ years, both sexes (%)","SUR","Suriname","2010","2010",94.67575,,
"LR_AG15T99","Adult literacy rate, population 15+ years, both sexes (%)","SUR","Suriname","2012","2012",92.86866,,
"LR_AG15T99","Adult literacy rate, population 15+ years, both sexes (%)","ROU","Romania","1992","1992",96.70998,,
"LR_AG15T99","Adult literacy rate, population 15+ years, both sexes (%)","ROU","Romania","2002","2002",97.29759,,
"LR_AG15T99","Adult literacy rate, population 15+ years, both sexes (%)","ROU","Romania","2011","2011",98.60429,,
"LR_AG15T99","Adult literacy rate, population 15+ years, both sexes (%)","URY","Uruguay","1975","1975",93.86107,,
"LR_AG15T99","Adult literacy rate, population 15+ years, both sexes (%)","URY","Uruguay","1985","1985",95.37998,,
"LR_AG15T99","Adult literacy rate, population 15+ years, both sexes (%)","URY","Uruguay","1996","1996",96.78181,,
"LR_AG15T99","Adult literacy rate, population 15+ years, both sexes (%)","URY","Uruguay","2006","2006",97.78963,,
"LR_AG15T99","Adult literacy rate, population 15+ years, both sexes (%)","URY","Uruguay","2007","2007",97.86389,,
"LR_AG15T99","Adult literacy rate, population 15+ years, both sexes (%)","URY","Uruguay","2008","2008",98.16356,,
"LR_AG15T99","Adult literacy rate, population 15+ years, both sexes (%)","URY","Uruguay","2009","2009",98.26723,,
"LR_AG15T99","Adult literacy rate, population 15+ years, both sexes (%)","URY","Uruguay","2010","2010",98.07271,,
"LR_AG15T99","Adult literacy rate, population 15+ years, both sexes (%)","URY","Uruguay","2011","2011",98.3359,,
"LR_AG15T99","Adult literacy rate, population 15+ years, both sexes (%)","URY","Uruguay","2012","2012",98.39594,,
"LR_AG15T99","Adult literacy rate, population 15+ years, both sexes (%)","URY","Uruguay","2013","2013",98.36387,,
"LR_AG15T99","Adult literacy rate, population 15+ years, both sexes (%)","URY","Uruguay","2014","2014",98.43593,,
"LR_AG15T99","Adult literacy rate, population 15+ years, both sexes (%)","URY","Uruguay","2015","2015",98.52387,,
"LR_AG15T99","Adult literacy rate, population 15+ years, both sexes (%)","MNE","Montenegro","1981","1981",89.6353,"‡","UIS Estimation"
"LR_AG15T99","Adult literacy rate, population 15+ years, both sexes (%)","MNE","Montenegro","1991","1991",93.46274,"‡","UIS Estimation"
"LR_AG15T99","Adult literacy rate, population 15+ years, both sexes (%)","MNE","Montenegro","2003","2003",97.77346,,
"LR_AG15T99","Adult literacy rate, population 15+ years, both sexes (%)","MNE","Montenegro","2011","2011",98.44221,,
"LR_AG15T99","Adult literacy rate, population 15+ years, both sexes (%)","CMR","Cameroon","1976","1976",41.21621,,
"LR_AG15T99","Adult literacy rate, population 15+ years, both sexes (%)","CMR","Cameroon","2000","2000",68.40916,,
"LR_AG15T99","Adult literacy rate, population 15+ years, both sexes (%)","CMR","Cameroon","2007","2007",70.67994,,
"LR_AG15T99","Adult literacy rate, population 15+ years, both sexes (%)","CMR","Cameroon","2010","2010",71.29051,,
"LR_AG15T99","Adult literacy rate, population 15+ years, both sexes (%)","PRY","Paraguay","1982","1982",78.45861,,
"LR_AG15T99","Adult literacy rate, population 15+ years, both sexes (%)","PRY","Paraguay","1992","1992",90.27182,,
"LR_AG15T99","Adult literacy rate, population 15+ years, both sexes (%)","PRY","Paraguay","2007","2007",94.55822,,
"LR_AG15T99","Adult literacy rate, population 15+ years, both sexes (%)","PRY","Paraguay","2008","2008",93.29208,,
"LR_AG15T99","Adult literacy rate, population 15+ years, both sexes (%)","PRY","Paraguay","2009","2009",93.75424,,
"LR_AG15T99","Adult literacy rate, population 15+ years, both sexes (%)","PRY","Paraguay","2010","2010",93.87092,,
"LR_AG15T99","Adult literacy rate, population 15+ years, both sexes (%)","PRY","Paraguay","2014","2014",94.61672,,
"LR_AG15T99","Adult literacy rate, population 15+ years, both sexes (%)","PRY","Paraguay","2015","2015",95.0727,,
"LR_AG15T99","Adult literacy rate, population 15+ years, both sexes (%)","CRI","Costa Rica","1984","1984",92.62904,,
"LR_AG15T99","Adult literacy rate, population 15+ years, both sexes (%)","CRI","Costa Rica","2000","2000",94.86819,,
"LR_AG15T99","Adult literacy rate, population 15+ years, both sexes (%)","CRI","Costa Rica","2011","2011",97.40658,,
"LR_AG15T99","Adult literacy rate, population 15+ years, both sexes (%)","BTN","Bhutan","2005","2005",52.81469,,
"LR_AG15T99","Adult literacy rate, population 15+ years, both sexes (%)","BTN","Bhutan","2012","2012",57.0336,,
"LR_AG15T99","Adult literacy rate, population 15+ years, both sexes (%)","MEX","Mexico","1980","1980",82.98924,,
"LR_AG15T99","Adult literacy rate, population 15+ years, both sexes (%)","MEX","Mexico","1990","1990",87.55615,,
"LR_AG15T99","Adult literacy rate, population 15+ years, both sexes (%)","MEX","Mexico","2000","2000",90.53562,,
"LR_AG15T99","Adult literacy rate, population 15+ years, both sexes (%)","MEX","Mexico","2002","2002",90.27465,,
"LR_AG15T99","Adult literacy rate, population 15+ years, both sexes (%)","MEX","Mexico","2004","2004",90.95374,,
"LR_AG15T99","Adult literacy rate, population 15+ years, both sexes (%)","MEX","Mexico","2005","2005",91.63027,,
"LR_AG15T99","Adult literacy rate, population 15+ years, both sexes (%)","MEX","Mexico","2006","2006",91.73452,,
"LR_AG15T99","Adult literacy rate, population 15+ years, both sexes (%)","MEX","Mexico","2007","2007",92.79517,,
"LR_AG15T99","Adult literacy rate, population 15+ years, both sexes (%)","MEX","Mexico","2008","2008",92.9256,,
"LR_AG15T99","Adult literacy rate, population 15+ years, both sexes (%)","MEX","Mexico","2009","2009",93.44188,,
"LR_AG15T99","Adult literacy rate, population 15+ years, both sexes (%)","MEX","Mexico","2010","2010",93.06894,,
"LR_AG15T99","Adult literacy rate, population 15+ years, both sexes (%)","MEX","Mexico","2011","2011",93.51998,"+","National Estimation"
"LR_AG15T99","Adult literacy rate, population 15+ years, both sexes (%)","MEX","Mexico","2012","2012",94.2284,,
"LR_AG15T99","Adult literacy rate, population 15+ years, both sexes (%)","MEX","Mexico","2013","2013",93.96285,,
"LR_AG15T99","Adult literacy rate, population 15+ years, both sexes (%)","MEX","Mexico","2014","2014",94.55588,,
"LR_AG15T99","Adult literacy rate, population 15+ years, both sexes (%)","MEX","Mexico","2015","2015",94.47228,,
"LR_AG15T99","Adult literacy rate, population 15+ years, both sexes (%)","LTU","Lithuania","1989","1989",98.44127,,
"LR_AG15T99","Adult literacy rate, population 15+ years, both sexes (%)","LTU","Lithuania","2001","2001",99.64575,,
"LR_AG15T99","Adult literacy rate, population 15+ years, both sexes (%)","LTU","Lithuania","2011","2011",99.8156,,
"LR_AG15T99","Adult literacy rate, population 15+ years, both sexes (%)","NAM","Namibia","1991","1991",75.81658,,
"LR_AG15T99","Adult literacy rate, population 15+ years, both sexes (%)","NAM","Namibia","2001","2001",84.94426,,
"LR_AG15T99","Adult literacy rate, population 15+ years, both sexes (%)","NAM","Namibia","2007","2007",76.48659,"‡","UIS Estimation"
"LR_AG15T99","Adult literacy rate, population 15+ years, both sexes (%)","NAM","Namibia","2011","2011",88.27463,,
"LR_AG15T99","Adult literacy rate, population 15+ years, both sexes (%)","BRN","Brunei Darussalam","1981","1981",77.7355,,
"LR_AG15T99","Adult literacy rate, population 15+ years, both sexes (%)","BRN","Brunei Darussalam","1991","1991",87.80418,,
"LR_AG15T99","Adult literacy rate, population 15+ years, both sexes (%)","BRN","Brunei Darussalam","2001","2001",92.67113,,
"LR_AG15T99","Adult literacy rate, population 15+ years, both sexes (%)","BRN","Brunei Darussalam","2011","2011",96.08556,,
"LR_AG15T99","Adult literacy rate, population 15+ years, both sexes (%)","COM","Comoros","1980","1980",47.91923,,
"LR_AG15T99","Adult literacy rate, population 15+ years, both sexes (%)","COM","Comoros","2000","2000",68.48923,,
"LR_AG15T99","Adult literacy rate, population 15+ years, both sexes (%)","COM","Comoros","2012","2012",49.19614,"‡","UIS Estimation"
"LR_AG15T99","Adult literacy rate, population 15+ years, both sexes (%)","GNB","Guinea-Bissau","1979","1979",19.95825,,
"LR_AG15T99","Adult literacy rate, population 15+ years, both sexes (%)","GNB","Guinea-Bissau","2000","2000",41.35777,,
"LR_AG15T99","Adult literacy rate, population 15+ years, both sexes (%)","GNB","Guinea-Bissau","2014","2014",45.58116,,
"LR_AG15T99","Adult literacy rate, population 15+ years, both sexes (%)","TGO","Togo","2000","2000",53.1776,,
"LR_AG15T99","Adult literacy rate, population 15+ years, both sexes (%)","TGO","Togo","2006","2006",56.88837,,
"LR_AG15T99","Adult literacy rate, population 15+ years, both sexes (%)","TGO","Togo","2009","2009",57.09338,,
"LR_AG15T99","Adult literacy rate, population 15+ years, both sexes (%)","TGO","Togo","2011","2011",60.40994,,
"LR_AG15T99","Adult literacy rate, population 15+ years, both sexes (%)","TGO","Togo","2015","2015",63.74562,,
"LR_AG15T99","Adult literacy rate, population 15+ years, both sexes (%)","CAF","Central African Republic","1975","1975",18.23617,,
"LR_AG15T99","Adult literacy rate, population 15+ years, both sexes (%)","CAF","Central African Republic","1988","1988",33.62442,,
"LR_AG15T99","Adult literacy rate, population 15+ years, both sexes (%)","CAF","Central African Republic","2000","2000",50.64517,,
"LR_AG15T99","Adult literacy rate, population 15+ years, both sexes (%)","CAF","Central African Republic","2010","2010",36.75261,"‡","UIS Estimation"
"LR_AG15T99","Adult literacy rate, population 15+ years, both sexes (%)","IND","India","1981","1981",40.76359,,
"LR_AG15T99","Adult literacy rate, population 15+ years, both sexes (%)","IND","India","1991","1991",48.22207,,
"LR_AG15T99","Adult literacy rate, population 15+ years, both sexes (%)","IND","India","2001","2001",61.01456,,
"LR_AG15T99","Adult literacy rate, population 15+ years, both sexes (%)","IND","India","2006","2006",62.75447,,
"LR_AG15T99","Adult literacy rate, population 15+ years, both sexes (%)","IND","India","2011","2011",69.30256,,
"LR_AG15T99","Adult literacy rate, population 15+ years, both sexes (%)","PLW","Palau","1980","1980",91.92142,,
"LR_AG15T99","Adult literacy rate, population 15+ years, both sexes (%)","PLW","Palau","2013","2013",99.50313,"‡","UIS Estimation"
"LR_AG15T99","Adult literacy rate, population 15+ years, both sexes (%)","PLW","Palau","2015","2015",96.59374,,
"LR_AG15T99","Adult literacy rate, population 15+ years, both sexes (%)","TTO","Trinidad and Tobago","1980","1980",94.97032,,
"LR_AG15T99","Adult literacy rate, population 15+ years, both sexes (%)","TTO","Trinidad and Tobago","1990","1990",96.93855,,
"LR_AG15T99","Adult literacy rate, population 15+ years, both sexes (%)","SEN","Senegal","1988","1988",26.86885,,
"LR_AG15T99","Adult literacy rate, population 15+ years, both sexes (%)","SEN","Senegal","2002","2002",39.27525,,
"LR_AG15T99","Adult literacy rate, population 15+ years, both sexes (%)","SEN","Senegal","2006","2006",41.89115,,
"LR_AG15T99","Adult literacy rate, population 15+ years, both sexes (%)","SEN","Senegal","2009","2009",49.69513,,
"LR_AG15T99","Adult literacy rate, population 15+ years, both sexes (%)","SEN","Senegal","2011","2011",52.05196,,
"LR_AG15T99","Adult literacy rate, population 15+ years, both sexes (%)","SEN","Senegal","2013","2013",42.8175,,
"LR_AG15T99","Adult literacy rate, population 15+ years, both sexes (%)","ALB","Albania","2001","2001",98.71298,,
"LR_AG15T99","Adult literacy rate, population 15+ years, both sexes (%)","ALB","Albania","2008","2008",95.93864,,
"LR_AG15T99","Adult literacy rate, population 15+ years, both sexes (%)","ALB","Albania","2011","2011",96.8453,,
"LR_AG15T99","Adult literacy rate, population 15+ years, both sexes (%)","ALB","Albania","2012","2012",97.24697,,
"LR_AG15T99","Adult literacy rate, population 15+ years, both sexes (%)","BWA","Botswana","1991","1991",68.58091,,
"LR_AG15T99","Adult literacy rate, population 15+ years, both sexes (%)","BWA","Botswana","2003","2003",81.18871,,
"LR_AG15T99","Adult literacy rate, population 15+ years, both sexes (%)","UKR","Ukraine","2001","2001",99.43041,,
"LR_AG15T99","Adult literacy rate, population 15+ years, both sexes (%)","UKR","Ukraine","2012","2012",99.97435,"‡","UIS Estimation"
"LR_AG15T99","Adult literacy rate, population 15+ years, both sexes (%)","SLB","Solomon Islands","1999","1999",76.6,,
"LR_AG15T99","Adult literacy rate, population 15+ years, both sexes (%)","LBR","Liberia","1984","1984",32.10677,,
"LR_AG15T99","Adult literacy rate, population 15+ years, both sexes (%)","LBR","Liberia","2007","2007",42.94108,"‡","UIS Estimation"
"LR_AG15T99","Adult literacy rate, population 15+ years, both sexes (%)","EGY","Egypt","1976","1976",38.19676,,
"LR_AG15T99","Adult literacy rate, population 15+ years, both sexes (%)","EGY","Egypt","1986","1986",44.42399,,
"LR_AG15T99","Adult literacy rate, population 15+ years, both sexes (%)","EGY","Egypt","1996","1996",55.587,,
"LR_AG15T99","Adult literacy rate, population 15+ years, both sexes (%)","EGY","Egypt","2005","2005",71.40886,,
"LR_AG15T99","Adult literacy rate, population 15+ years, both sexes (%)","EGY","Egypt","2006","2006",66.36991,,
"LR_AG15T99","Adult literacy rate, population 15+ years, both sexes (%)","EGY","Egypt","2010","2010",72.04785,,
"LR_AG15T99","Adult literacy rate, population 15+ years, both sexes (%)","EGY","Egypt","2012","2012",73.86559,,
"LR_AG15T99","Adult literacy rate, population 15+ years, both sexes (%)","EGY","Egypt","2013","2013",75.06073,,
"LR_AG15T99","Adult literacy rate, population 15+ years, both sexes (%)","MLI","Mali","1976","1976",9.43381,,
"LR_AG15T99","Adult literacy rate, population 15+ years, both sexes (%)","MLI","Mali","1998","1998",19.04497,,
"LR_AG15T99","Adult literacy rate, population 15+ years, both sexes (%)","MLI","Mali","2003","2003",24,,
"LR_AG15T99","Adult literacy rate, population 15+ years, both sexes (%)","MLI","Mali","2006","2006",26.17655,,
"LR_AG15T99","Adult literacy rate, population 15+ years, both sexes (%)","MLI","Mali","2010","2010",31.09975,,
"LR_AG15T99","Adult literacy rate, population 15+ years, both sexes (%)","MLI","Mali","2011","2011",33.56094,,
"LR_AG15T99","Adult literacy rate, population 15+ years, both sexes (%)","MLI","Mali","2015","2015",33.06889,,
"LR_AG15T99","Adult literacy rate, population 15+ years, both sexes (%)","ERI","Eritrea","2002","2002",52.51395,,
"LR_AG15T99","Adult literacy rate, population 15+ years, both sexes (%)","ERI","Eritrea","2008","2008",64.66297,,
"LR_AG15T99","Adult literacy rate, population 15+ years, both sexes (%)","QAT","Qatar","1986","1986",75.63504,,
"LR_AG15T99","Adult literacy rate, population 15+ years, both sexes (%)","QAT","Qatar","1997","1997",83.26216,,
"LR_AG15T99","Adult literacy rate, population 15+ years, both sexes (%)","QAT","Qatar","2004","2004",88.96239,,
"LR_AG15T99","Adult literacy rate, population 15+ years, both sexes (%)","QAT","Qatar","2007","2007",93.08274,,
"LR_AG15T99","Adult literacy rate, population 15+ years, both sexes (%)","QAT","Qatar","2008","2008",93.98973,,
"LR_AG15T99","Adult literacy rate, population 15+ years, both sexes (%)","QAT","Qatar","2009","2009",94.72429,,
"LR_AG15T99","Adult literacy rate, population 15+ years, both sexes (%)","QAT","Qatar","2010","2010",96.28374,,
"LR_AG15T99","Adult literacy rate, population 15+ years, both sexes (%)","QAT","Qatar","2011","2011",96.40687,,
"LR_AG15T99","Adult literacy rate, population 15+ years, both sexes (%)","QAT","Qatar","2012","2012",96.67859,,
"LR_AG15T99","Adult literacy rate, population 15+ years, both sexes (%)","QAT","Qatar","2013","2013",97.47785,,
"LR_AG15T99","Adult literacy rate, population 15+ years, both sexes (%)","QAT","Qatar","2014","2014",97.74669,,
"LR_AG15T99","Adult literacy rate, population 15+ years, both sexes (%)","LKA","Sri Lanka","1981","1981",86.77792,,
"LR_AG15T99","Adult literacy rate, population 15+ years, both sexes (%)","LKA","Sri Lanka","2001","2001",90.68275,,
"LR_AG15T99","Adult literacy rate, population 15+ years, both sexes (%)","LKA","Sri Lanka","2006","2006",90.80883,,
"LR_AG15T99","Adult literacy rate, population 15+ years, both sexes (%)","LKA","Sri Lanka","2008","2008",90.55795,,
"LR_AG15T99","Adult literacy rate, population 15+ years, both sexes (%)","LKA","Sri Lanka","2010","2010",91.18136,,
"LR_AG15T99","Adult literacy rate, population 15+ years, both sexes (%)","MAR","Morocco","1982","1982",30.2578,,
"LR_AG15T99","Adult literacy rate, population 15+ years, both sexes (%)","MAR","Morocco","1994","1994",41.59411,,
"LR_AG15T99","Adult literacy rate, population 15+ years, both sexes (%)","MAR","Morocco","2004","2004",52.30626,,
"LR_AG15T99","Adult literacy rate, population 15+ years, both sexes (%)","MAR","Morocco","2008","2008",55.14792,,
"LR_AG15T99","Adult literacy rate, population 15+ years, both sexes (%)","MAR","Morocco","2009","2009",56.08367,,
"LR_AG15T99","Adult literacy rate, population 15+ years, both sexes (%)","MAR","Morocco","2011","2011",67.08416,,
"LR_AG15T99","Adult literacy rate, population 15+ years, both sexes (%)","MAR","Morocco","2012","2012",69.42539,"‡","UIS Estimation"
"LR_AG15T99","Adult literacy rate, population 15+ years, both sexes (%)","IRQ","Iraq","2000","2000",74.0522,,
"LR_AG15T99","Adult literacy rate, population 15+ years, both sexes (%)","IRQ","Iraq","2013","2013",43.68328,,
"LR_AG15T99","Adult literacy rate, population 15+ years, both sexes (%)","PSE","Palestine","1997","1997",86.06289,,
"LR_AG15T99","Adult literacy rate, population 15+ years, both sexes (%)","PSE","Palestine","2004","2004",92.27997,,
"LR_AG15T99","Adult literacy rate, population 15+ years, both sexes (%)","PSE","Palestine","2006","2006",93.45001,,
"LR_AG15T99","Adult literacy rate, population 15+ years, both sexes (%)","PSE","Palestine","2007","2007",93.88214,,
"LR_AG15T99","Adult literacy rate, population 15+ years, both sexes (%)","PSE","Palestine","2008","2008",92.53616,,
"LR_AG15T99","Adult literacy rate, population 15+ years, both sexes (%)","PSE","Palestine","2009","2009",94.59917,,
"LR_AG15T99","Adult literacy rate, population 15+ years, both sexes (%)","PSE","Palestine","2010","2010",94.93201,,
"LR_AG15T99","Adult literacy rate, population 15+ years, both sexes (%)","PSE","Palestine","2011","2011",95.26724,,
"LR_AG15T99","Adult literacy rate, population 15+ years, both sexes (%)","PSE","Palestine","2012","2012",95.90622,,
"LR_AG15T99","Adult literacy rate, population 15+ years, both sexes (%)","PSE","Palestine","2013","2013",96.2849,,
"LR_AG15T99","Adult literacy rate, population 15+ years, both sexes (%)","PSE","Palestine","2014","2014",96.42839,,
"LR_AG15T99","Adult literacy rate, population 15+ years, both sexes (%)","PSE","Palestine","2015","2015",96.69073,,
"LR_AG15T99","Adult literacy rate, population 15+ years, both sexes (%)","PSE","Palestine","2016","2016",96.93023,,
"LR_AG15T99","Adult literacy rate, population 15+ years, both sexes (%)","CHL","Chile","1982","1982",91.1284,,
"LR_AG15T99","Adult literacy rate, population 15+ years, both sexes (%)","CHL","Chile","1992","1992",94.29114,,
"LR_AG15T99","Adult literacy rate, population 15+ years, both sexes (%)","CHL","Chile","2002","2002",95.71662,,
"LR_AG15T99","Adult literacy rate, population 15+ years, both sexes (%)","CHL","Chile","2008","2008",98.64901,,
"LR_AG15T99","Adult literacy rate, population 15+ years, both sexes (%)","CHL","Chile","2009","2009",98.55368,,
"LR_AG15T99","Adult literacy rate, population 15+ years, both sexes (%)","CHL","Chile","2011","2011",96.70301,,
"LR_AG15T99","Adult literacy rate, population 15+ years, both sexes (%)","CHL","Chile","2013","2013",96.26706,,
"LR_AG15T99","Adult literacy rate, population 15+ years, both sexes (%)","PAN","Panama","1980","1980",88.07174,,
"LR_AG15T99","Adult literacy rate, population 15+ years, both sexes (%)","PAN","Panama","1990","1990",88.77986,,
"LR_AG15T99","Adult literacy rate, population 15+ years, both sexes (%)","PAN","Panama","2000","2000",91.89962,,
"LR_AG15T99","Adult literacy rate, population 15+ years, both sexes (%)","PAN","Panama","2010","2010",94.09412,,
"LR_AG15T99","Adult literacy rate, population 15+ years, both sexes (%)","TUN","Tunisia","1984","1984",48.1907,,
"LR_AG15T99","Adult literacy rate, population 15+ years, both sexes (%)","TUN","Tunisia","2004","2004",74.297,,
"LR_AG15T99","Adult literacy rate, population 15+ years, both sexes (%)","TUN","Tunisia","2007","2007",77.1904,,
"LR_AG15T99","Adult literacy rate, population 15+ years, both sexes (%)","TUN","Tunisia","2008","2008",77.56113,,
"LR_AG15T99","Adult literacy rate, population 15+ years, both sexes (%)","TUN","Tunisia","2010","2010",79.13058,,
"LR_AG15T99","Adult literacy rate, population 15+ years, both sexes (%)","TUN","Tunisia","2011","2011",79.65391,,
"LR_AG15T99","Adult literacy rate, population 15+ years, both sexes (%)","TUN","Tunisia","2012","2012",80.21875,,
"LR_AG15T99","Adult literacy rate, population 15+ years, both sexes (%)","TUN","Tunisia","2014","2014",79.03643,,
"LR_AG15T99","Adult literacy rate, population 15+ years, both sexes (%)","GRD","Grenada","1970","1970",97.79447,,
"LR_AG15T99","Adult literacy rate, population 15+ years, both sexes (%)","COD","Democratic Republic of the Congo","2001","2001",67.17299,,
"LR_AG15T99","Adult literacy rate, population 15+ years, both sexes (%)","COD","Democratic Republic of the Congo","2007","2007",61.20555,"‡","UIS Estimation"
"LR_AG15T99","Adult literacy rate, population 15+ years, both sexes (%)","COD","Democratic Republic of the Congo","2012","2012",75.01719,,
"LR_AG15T99","Adult literacy rate, population 15+ years, both sexes (%)","COD","Democratic Republic of the Congo","2016","2016",77.04268,,
"LR_AG15T99","Adult literacy rate, population 15+ years, both sexes (%)","BEN","Benin","1979","1979",16.48279,,
"LR_AG15T99","Adult literacy rate, population 15+ years, both sexes (%)","BEN","Benin","1992","1992",27.24525,,
"LR_AG15T99","Adult literacy rate, population 15+ years, both sexes (%)","BEN","Benin","2002","2002",34.65785,,
"LR_AG15T99","Adult literacy rate, population 15+ years, both sexes (%)","BEN","Benin","2006","2006",28.70211,"‡","UIS Estimation"
"LR_AG15T99","Adult literacy rate, population 15+ years, both sexes (%)","BEN","Benin","2012","2012",32.94882,"‡","UIS Estimation"
"LR_AG15T99","Adult literacy rate, population 15+ years, both sexes (%)","KGZ","Kyrgyzstan","1999","1999",98.70161,,
"LR_AG15T99","Adult literacy rate, population 15+ years, both sexes (%)","KGZ","Kyrgyzstan","2009","2009",99.24343,,
"LR_AG15T99","Adult literacy rate, population 15+ years, both sexes (%)","GRC","Greece","1981","1981",90.51232,,
"LR_AG15T99","Adult literacy rate, population 15+ years, both sexes (%)","GRC","Greece","1991","1991",92.61045,,
"LR_AG15T99","Adult literacy rate, population 15+ years, both sexes (%)","GRC","Greece","2001","2001",95.99436,,
"LR_AG15T99","Adult literacy rate, population 15+ years, both sexes (%)","GRC","Greece","2005","2005",93.04431,,
"LR_AG15T99","Adult literacy rate, population 15+ years, both sexes (%)","GRC","Greece","2007","2007",93.93155,,
"LR_AG15T99","Adult literacy rate, population 15+ years, both sexes (%)","GRC","Greece","2009","2009",93.90511,,
"LR_AG15T99","Adult literacy rate, population 15+ years, both sexes (%)","GRC","Greece","2011","2011",97.12875,,
"LR_AG15T99","Adult literacy rate, population 15+ years, both sexes (%)","SLV","El Salvador","1992","1992",74.14316,,
"LR_AG15T99","Adult literacy rate, population 15+ years, both sexes (%)","SLV","El Salvador","2006","2006",83.55946,,
"LR_AG15T99","Adult literacy rate, population 15+ years, both sexes (%)","SLV","El Salvador","2007","2007",82.02863,,
"LR_AG15T99","Adult literacy rate, population 15+ years, both sexes (%)","SLV","El Salvador","2008","2008",83.9513,,
"LR_AG15T99","Adult literacy rate, population 15+ years, both sexes (%)","SLV","El Salvador","2009","2009",84.10289,,
"LR_AG15T99","Adult literacy rate, population 15+ years, both sexes (%)","SLV","El Salvador","2010","2010",84.49272,,
"LR_AG15T99","Adult literacy rate, population 15+ years, both sexes (%)","SLV","El Salvador","2011","2011",85.49399,,
"LR_AG15T99","Adult literacy rate, population 15+ years, both sexes (%)","SLV","El Salvador","2013","2013",86.76758,,
"LR_AG15T99","Adult literacy rate, population 15+ years, both sexes (%)","SLV","El Salvador","2015","2015",87.96985,,
"LR_AG15T99","Adult literacy rate, population 15+ years, both sexes (%)","BHR","Bahrain","1981","1981",69.75351,,
"LR_AG15T99","Adult literacy rate, population 15+ years, both sexes (%)","BHR","Bahrain","1991","1991",84.01383,,
"LR_AG15T99","Adult literacy rate, population 15+ years, both sexes (%)","BHR","Bahrain","2001","2001",86.54874,,
"LR_AG15T99","Adult literacy rate, population 15+ years, both sexes (%)","BHR","Bahrain","2010","2010",94.55679,,
"LR_AG15T99","Adult literacy rate, population 15+ years, both sexes (%)","ABW","Aruba","2000","2000",97.29125,,
"LR_AG15T99","Adult literacy rate, population 15+ years, both sexes (%)","ABW","Aruba","2010","2010",96.82264,,
"LR_AG15T99","Adult literacy rate, population 15+ years, both sexes (%)","HND","Honduras","2001","2001",80.01103,,
"LR_AG15T99","Adult literacy rate, population 15+ years, both sexes (%)","HND","Honduras","2007","2007",83.58899,,
"LR_AG15T99","Adult literacy rate, population 15+ years, both sexes (%)","HND","Honduras","2010","2010",84.75536,,
"LR_AG15T99","Adult literacy rate, population 15+ years, both sexes (%)","HND","Honduras","2011","2011",85.1233,,
"LR_AG15T99","Adult literacy rate, population 15+ years, both sexes (%)","HND","Honduras","2012","2012",85.35555,,
"LR_AG15T99","Adult literacy rate, population 15+ years, both sexes (%)","HND","Honduras","2013","2013",85.46442,,
"LR_AG15T99","Adult literacy rate, population 15+ years, both sexes (%)","HND","Honduras","2014","2014",87.19753,,
"LR_AG15T99","Adult literacy rate, population 15+ years, both sexes (%)","HND","Honduras","2015","2015",87.90683,,
"LR_AG15T99","Adult literacy rate, population 15+ years, both sexes (%)","HND","Honduras","2016","2016",88.98748,,
"LR_AG15T99","Adult literacy rate, population 15+ years, both sexes (%)","RUS","Russian Federation","1989","1989",97.98605,,
"LR_AG15T99","Adult literacy rate, population 15+ years, both sexes (%)","RUS","Russian Federation","2002","2002",99.44097,,
"LR_AG15T99","Adult literacy rate, population 15+ years, both sexes (%)","RUS","Russian Federation","2010","2010",99.68427,,
"LR_AG15T99","Adult literacy rate, population 15+ years, both sexes (%)","YEM","Yemen","1994","1994",37.09,,
"LR_AG15T99","Adult literacy rate, population 15+ years, both sexes (%)","UZB","Uzbekistan","2000","2000",98.64258,,
"LR_AG15T99","Adult literacy rate, population 15+ years, both sexes (%)","UZB","Uzbekistan","2013","2013",99.99486,,
"LR_AG15T99","Adult literacy rate, population 15+ years, both sexes (%)","UZB","Uzbekistan","2014","2014",99.98055,,
"LR_AG15T99","Adult literacy rate, population 15+ years, both sexes (%)","UZB","Uzbekistan","2015","2015",99.98383,,
"LR_AG15T99","Adult literacy rate, population 15+ years, both sexes (%)","MOZ","Mozambique","1980","1980",26.99771,,
"LR_AG15T99","Adult literacy rate, population 15+ years, both sexes (%)","MOZ","Mozambique","1997","1997",38.70788,,
"LR_AG15T99","Adult literacy rate, population 15+ years, both sexes (%)","MOZ","Mozambique","2003","2003",48.15884,,
"LR_AG15T99","Adult literacy rate, population 15+ years, both sexes (%)","MOZ","Mozambique","2009","2009",50.58381,,
"LR_AG15T99","Adult literacy rate, population 15+ years, both sexes (%)","CHN","China","1982","1982",65.50509,,
"LR_AG15T99","Adult literacy rate, population 15+ years, both sexes (%)","CHN","China","1990","1990",77.78506,,
"LR_AG15T99","Adult literacy rate, population 15+ years, both sexes (%)","CHN","China","2000","2000",90.92021,,
"LR_AG15T99","Adult literacy rate, population 15+ years, both sexes (%)","CHN","China","2010","2010",95.12448,,
"LR_AG15T99","Adult literacy rate, population 15+ years, both sexes (%)","JAM","Jamaica","1999","1999",79.92012,,
"LR_AG15T99","Adult literacy rate, population 15+ years, both sexes (%)","CPV","Cabo Verde","1990","1990",62.79686,,
"LR_AG15T99","Adult literacy rate, population 15+ years, both sexes (%)","CPV","Cabo Verde","2012","2012",85.32779,,
"LR_AG15T99","Adult literacy rate, population 15+ years, both sexes (%)","CPV","Cabo Verde","2015","2015",86.79029,,
"LR_AG15T99","Adult literacy rate, population 15+ years, both sexes (%)","THA","Thailand","1980","1980",87.98176,,
"LR_AG15T99","Adult literacy rate, population 15+ years, both sexes (%)","THA","Thailand","2000","2000",92.64654,,
"LR_AG15T99","Adult literacy rate, population 15+ years, both sexes (%)","THA","Thailand","2005","2005",93.50647,,
"LR_AG15T99","Adult literacy rate, population 15+ years, both sexes (%)","THA","Thailand","2010","2010",96.43091,,
"LR_AG15T99","Adult literacy rate, population 15+ years, both sexes (%)","THA","Thailand","2013","2013",93.70207,,
"LR_AG15T99","Adult literacy rate, population 15+ years, both sexes (%)","THA","Thailand","2015","2015",92.86831,,
"LR_AG15T99","Adult literacy rate, population 15+ years, both sexes (%)","KEN","Kenya","2000","2000",82.22908,,
"LR_AG15T99","Adult literacy rate, population 15+ years, both sexes (%)","KEN","Kenya","2007","2007",72.15703,"‡","UIS Estimation"
"LR_AG15T99","Adult literacy rate, population 15+ years, both sexes (%)","KEN","Kenya","2014","2014",78.73304,"‡","UIS Estimation"
"LR_AG15T99","Adult literacy rate, population 15+ years, both sexes (%)","OMN","Oman","2003","2003",81.36331,,
"LR_AG15T99","Adult literacy rate, population 15+ years, both sexes (%)","OMN","Oman","2008","2008",86.62114,,
"LR_AG15T99","Adult literacy rate, population 15+ years, both sexes (%)","OMN","Oman","2010","2010",86.939,,
"LR_AG15T99","Adult literacy rate, population 15+ years, both sexes (%)","OMN","Oman","2014","2014",91.9812,"+","National Estimation"
"LR_AG15T99","Adult literacy rate, population 15+ years, both sexes (%)","OMN","Oman","2015","2015",93.03861,,
"LR_AG15T99","Adult literacy rate, population 15+ years, both sexes (%)","SGP","Singapore","1980","1980",82.90605,,
"LR_AG15T99","Adult literacy rate, population 15+ years, both sexes (%)","SGP","Singapore","1990","1990",89.096,,
"LR_AG15T99","Adult literacy rate, population 15+ years, both sexes (%)","SGP","Singapore","2000","2000",92.5494,,
"LR_AG15T99","Adult literacy rate, population 15+ years, both sexes (%)","SGP","Singapore","2010","2010",95.85733,,
"LR_AG15T99","Adult literacy rate, population 15+ years, both sexes (%)","SGP","Singapore","2011","2011",96.18608,,
"LR_AG15T99","Adult literacy rate, population 15+ years, both sexes (%)","SGP","Singapore","2012","2012",96.36979,,
"LR_AG15T99","Adult literacy rate, population 15+ years, both sexes (%)","SGP","Singapore","2013","2013",96.54808,,
"LR_AG15T99","Adult literacy rate, population 15+ years, both sexes (%)","SGP","Singapore","2014","2014",96.71666,,
"LR_AG15T99","Adult literacy rate, population 15+ years, both sexes (%)","SGP","Singapore","2015","2015",96.82549,,
"LR_AG15T99","Adult literacy rate, population 15+ years, both sexes (%)","SGP","Singapore","2016","2016",97.04959,,
"LR_AG15T99","Adult literacy rate, population 15+ years, both sexes (%)","MNG","Mongolia","2000","2000",97.76885,,
"LR_AG15T99","Adult literacy rate, population 15+ years, both sexes (%)","MNG","Mongolia","2010","2010",98.257,,
"LR_AG15T99","Adult literacy rate, population 15+ years, both sexes (%)","BOL","Bolivia (Plurinational State of)","1976","1976",63.20815,,
"LR_AG15T99","Adult literacy rate, population 15+ years, both sexes (%)","BOL","Bolivia (Plurinational State of)","1992","1992",79.99177,,
"LR_AG15T99","Adult literacy rate, population 15+ years, both sexes (%)","BOL","Bolivia (Plurinational State of)","2001","2001",86.72367,,
"LR_AG15T99","Adult literacy rate, population 15+ years, both sexes (%)","BOL","Bolivia (Plurinational State of)","2007","2007",90.74347,,
"LR_AG15T99","Adult literacy rate, population 15+ years, both sexes (%)","BOL","Bolivia (Plurinational State of)","2008","2008",90.69811,,
"LR_AG15T99","Adult literacy rate, population 15+ years, both sexes (%)","BOL","Bolivia (Plurinational State of)","2009","2009",91.16783,,
"LR_AG15T99","Adult literacy rate, population 15+ years, both sexes (%)","BOL","Bolivia (Plurinational State of)","2011","2011",92.22615,,
"LR_AG15T99","Adult literacy rate, population 15+ years, both sexes (%)","BOL","Bolivia (Plurinational State of)","2012","2012",94.46057,,
"LR_AG15T99","Adult literacy rate, population 15+ years, both sexes (%)","BOL","Bolivia (Plurinational State of)","2015","2015",92.45508,,
"LR_AG15T99","Adult literacy rate, population 15+ years, both sexes (%)","PER","Peru","1981","1981",81.91846,,
"LR_AG15T99","Adult literacy rate, population 15+ years, both sexes (%)","PER","Peru","1993","1993",87.15063,,
"LR_AG15T99","Adult literacy rate, population 15+ years, both sexes (%)","PER","Peru","2004","2004",87.66985,,
"LR_AG15T99","Adult literacy rate, population 15+ years, both sexes (%)","PER","Peru","2005","2005",87.90867,,
"LR_AG15T99","Adult literacy rate, population 15+ years, both sexes (%)","PER","Peru","2006","2006",88.69934,,
"LR_AG15T99","Adult literacy rate, population 15+ years, both sexes (%)","PER","Peru","2007","2007",89.59081,,
"LR_AG15T99","Adult literacy rate, population 15+ years, both sexes (%)","PER","Peru","2012","2012",93.84173,,
"LR_AG15T99","Adult literacy rate, population 15+ years, both sexes (%)","PER","Peru","2014","2014",93.70795,,
"LR_AG15T99","Adult literacy rate, population 15+ years, both sexes (%)","PER","Peru","2015","2015",94.16234,,
"LR_AG15T99","Adult literacy rate, population 15+ years, both sexes (%)","PER","Peru","2016","2016",94.17367,,
"LR_AG15T99","Adult literacy rate, population 15+ years, both sexes (%)","DOM","Dominican Republic","1981","1981",73.06457,,
"LR_AG15T99","Adult literacy rate, population 15+ years, both sexes (%)","DOM","Dominican Republic","2002","2002",86.99647,,
"LR_AG15T99","Adult literacy rate, population 15+ years, both sexes (%)","DOM","Dominican Republic","2007","2007",88.24446,,
"LR_AG15T99","Adult literacy rate, population 15+ years, both sexes (%)","DOM","Dominican Republic","2010","2010",89.53873,,
"LR_AG15T99","Adult literacy rate, population 15+ years, both sexes (%)","DOM","Dominican Republic","2011","2011",90.10638,,
"LR_AG15T99","Adult literacy rate, population 15+ years, both sexes (%)","DOM","Dominican Republic","2012","2012",90.15518,,
"LR_AG15T99","Adult literacy rate, population 15+ years, both sexes (%)","DOM","Dominican Republic","2013","2013",90.85815,,
"LR_AG15T99","Adult literacy rate, population 15+ years, both sexes (%)","DOM","Dominican Republic","2014","2014",91.76376,,
"LR_AG15T99","Adult literacy rate, population 15+ years, both sexes (%)","DOM","Dominican Republic","2015","2015",91.99121,,
"LR_AG15T99","Adult literacy rate, population 15+ years, both sexes (%)","STP","Sao Tome and Principe","1981","1981",57.32426,,
"LR_AG15T99","Adult literacy rate, population 15+ years, both sexes (%)","STP","Sao Tome and Principe","1991","1991",73.24242,,
"LR_AG15T99","Adult literacy rate, population 15+ years, both sexes (%)","STP","Sao Tome and Principe","2001","2001",84.90851,,
"LR_AG15T99","Adult literacy rate, population 15+ years, both sexes (%)","STP","Sao Tome and Principe","2008","2008",69.53639,"‡","UIS Estimation"
"LR_AG15T99","Adult literacy rate, population 15+ years, both sexes (%)","STP","Sao Tome and Principe","2012","2012",90.1431,,
"LR_AG15T99","Adult literacy rate, population 15+ years, both sexes (%)","ATG","Antigua and Barbuda","2001","2001",98.95,,
"LR_AG15T99","Adult literacy rate, population 15+ years, both sexes (%)","MKD","The former Yugoslav Republic of Macedonia","1994","1994",94.05875,,
"LR_AG15T99","Adult literacy rate, population 15+ years, both sexes (%)","MKD","The former Yugoslav Republic of Macedonia","2002","2002",96.12893,,
"LR_AG15T99","Adult literacy rate, population 15+ years, both sexes (%)","VNM","Viet Nam","1979","1979",83.82594,,
"LR_AG15T99","Adult literacy rate, population 15+ years, both sexes (%)","VNM","Viet Nam","1989","1989",87.59645,,
"LR_AG15T99","Adult literacy rate, population 15+ years, both sexes (%)","VNM","Viet Nam","1999","1999",90.2783,,
"LR_AG15T99","Adult literacy rate, population 15+ years, both sexes (%)","VNM","Viet Nam","2000","2000",90.15613,,
"LR_AG15T99","Adult literacy rate, population 15+ years, both sexes (%)","VNM","Viet Nam","2009","2009",93.52045,,
"LR_AG15T99","Adult literacy rate, population 15+ years, both sexes (%)","MAC","China, Macao Special Administrative Region","1981","1981",90.37818,,
"LR_AG15T99","Adult literacy rate, population 15+ years, both sexes (%)","MAC","China, Macao Special Administrative Region","2001","2001",91.29537,,
"LR_AG15T99","Adult literacy rate, population 15+ years, both sexes (%)","MAC","China, Macao Special Administrative Region","2006","2006",93.49975,,
"LR_AG15T99","Adult literacy rate, population 15+ years, both sexes (%)","MAC","China, Macao Special Administrative Region","2011","2011",95.64004,,
"LR_AG15T99","Adult literacy rate, population 15+ years, both sexes (%)","MAC","China, Macao Special Administrative Region","2016","2016",96.53849,,
"LR_AG15T99","Adult literacy rate, population 15+ years, both sexes (%)","BDI","Burundi","1979","1979",22.50855,,
"LR_AG15T99","Adult literacy rate, population 15+ years, both sexes (%)","BDI","Burundi","1990","1990",37.38472,,
"LR_AG15T99","Adult literacy rate, population 15+ years, both sexes (%)","BDI","Burundi","2000","2000",59.30362,,
"LR_AG15T99","Adult literacy rate, population 15+ years, both sexes (%)","BDI","Burundi","2008","2008",48.08406,,
"LR_AG15T99","Adult literacy rate, population 15+ years, both sexes (%)","BDI","Burundi","2014","2014",61.56973,,
"LR_AG15T99","Adult literacy rate, population 15+ years, both sexes (%)","GUY","Guyana","2009","2009",84.99401,"‡","UIS Estimation"
"LR_AG15T99","Adult literacy rate, population 15+ years, both sexes (%)","GUY","Guyana","2014","2014",85.63973,"‡","UIS Estimation"
"LR_AG15T99","Adult literacy rate, population 15+ years, both sexes (%)","TCD","Chad","1993","1993",10.89465,,
"LR_AG15T99","Adult literacy rate, population 15+ years, both sexes (%)","TCD","Chad","2000","2000",25.65421,,
"LR_AG15T99","Adult literacy rate, population 15+ years, both sexes (%)","TCD","Chad","2004","2004",28.38143,,
"LR_AG15T99","Adult literacy rate, population 15+ years, both sexes (%)","TCD","Chad","2015","2015",26.00299,"‡","UIS Estimation"
"LR_AG15T99","Adult literacy rate, population 15+ years, both sexes (%)","TCD","Chad","2016","2016",22.31155,,
"LR_AG15T99","Adult literacy rate, population 15+ years, both sexes (%)","CYP","Cyprus","1992","1992",94.36247,,
"LR_AG15T99","Adult literacy rate, population 15+ years, both sexes (%)","CYP","Cyprus","2001","2001",96.80363,,
"LR_AG15T99","Adult literacy rate, population 15+ years, both sexes (%)","CYP","Cyprus","2011","2011",98.67843,,
"LR_AG15T99","Adult literacy rate, population 15+ years, both sexes (%)","ECU","Ecuador","1982","1982",83.55269,,
"LR_AG15T99","Adult literacy rate, population 15+ years, both sexes (%)","ECU","Ecuador","1990","1990",88.29876,,
"LR_AG15T99","Adult literacy rate, population 15+ years, both sexes (%)","ECU","Ecuador","2001","2001",90.98403,,
"LR_AG15T99","Adult literacy rate, population 15+ years, both sexes (%)","ECU","Ecuador","2007","2007",84.19272,,
"LR_AG15T99","Adult literacy rate, population 15+ years, both sexes (%)","ECU","Ecuador","2009","2009",84.20696,,
"LR_AG15T99","Adult literacy rate, population 15+ years, both sexes (%)","ECU","Ecuador","2010","2010",91.85404,,
"LR_AG15T99","Adult literacy rate, population 15+ years, both sexes (%)","ECU","Ecuador","2011","2011",91.5869,,
"LR_AG15T99","Adult literacy rate, population 15+ years, both sexes (%)","ECU","Ecuador","2012","2012",92.06473,,
"LR_AG15T99","Adult literacy rate, population 15+ years, both sexes (%)","ECU","Ecuador","2013","2013",93.29463,,
"LR_AG15T99","Adult literacy rate, population 15+ years, both sexes (%)","ECU","Ecuador","2014","2014",94.22264,,
"LR_AG15T99","Adult literacy rate, population 15+ years, both sexes (%)","ECU","Ecuador","2015","2015",94.45566,,
"LR_AG15T99","Adult literacy rate, population 15+ years, both sexes (%)","ECU","Ecuador","2016","2016",94.35023,,
"LR_AG15T99","Adult literacy rate, population 15+ years, both sexes (%)","ZMB","Zambia","1990","1990",64.99826,,
"LR_AG15T99","Adult literacy rate, population 15+ years, both sexes (%)","ZMB","Zambia","1999","1999",68.00179,,
"LR_AG15T99","Adult literacy rate, population 15+ years, both sexes (%)","ZMB","Zambia","2002","2002",69.14922,,
"LR_AG15T99","Adult literacy rate, population 15+ years, both sexes (%)","ZMB","Zambia","2007","2007",61.42829,"‡","UIS Estimation"
"LR_AG15T99","Adult literacy rate, population 15+ years, both sexes (%)","ZMB","Zambia","2010","2010",83.00767,,
"LR_AG15T99","Adult literacy rate, population 15+ years, both sexes (%)","ARG","Argentina","1980","1980",93.91286,,
"LR_AG15T99","Adult literacy rate, population 15+ years, both sexes (%)","ARG","Argentina","1991","1991",96.1282,,
"LR_AG15T99","Adult literacy rate, population 15+ years, both sexes (%)","ARG","Argentina","2001","2001",97.19331,,
"LR_AG15T99","Adult literacy rate, population 15+ years, both sexes (%)","ARG","Argentina","2015","2015",98.09,"‡","UIS Estimation"
"LR_AG15T99","Adult literacy rate, population 15+ years, both sexes (%)","GNQ","Equatorial Guinea","2000","2000",88.3083,,
"LR_AG15T99","Adult literacy rate, population 15+ years, both sexes (%)","SDN","Sudan","2000","2000",61.34587,,
"LR_AG15T99","Adult literacy rate, population 15+ years, both sexes (%)","SDN","Sudan","2008","2008",53.51738,,
"LR_AG15T99","Adult literacy rate, population 15+ years, both sexes (%)","ARE","United Arab Emirates","1975","1975",53.51488,,
"LR_AG15T99","Adult literacy rate, population 15+ years, both sexes (%)","ARE","United Arab Emirates","1985","1985",71.2353,,
"LR_AG15T99","Adult literacy rate, population 15+ years, both sexes (%)","ARE","United Arab Emirates","2005","2005",90.03385,,
"LR_AG15T99","Adult literacy rate, population 15+ years, both sexes (%)","MRT","Mauritania","2000","2000",51.20768,,
"LR_AG15T99","Adult literacy rate, population 15+ years, both sexes (%)","MRT","Mauritania","2007","2007",45.50378,"‡","UIS Estimation"
"LR_AG15T99","Adult literacy rate, population 15+ years, both sexes (%)","WSM","Samoa","1991","1991",97.94433,,
"LR_AG15T99","Adult literacy rate, population 15+ years, both sexes (%)","WSM","Samoa","2011","2011",98.97326,,
"LR_AG15T99","Adult literacy rate, population 15+ years, both sexes (%)","CYM","Cayman Islands","2007","2007",98.86782,,
"LR_AG15T99","Adult literacy rate, population 15+ years, both sexes (%)","SWZ","Swaziland","1976","1976",55.32504,,
"LR_AG15T99","Adult literacy rate, population 15+ years, both sexes (%)","SWZ","Swaziland","1986","1986",67.23938,,
"LR_AG15T99","Adult literacy rate, population 15+ years, both sexes (%)","SWZ","Swaziland","2000","2000",81.6607,,
"LR_AG15T99","Adult literacy rate, population 15+ years, both sexes (%)","SWZ","Swaziland","2010","2010",83.09829,"‡","UIS Estimation"
"LR_AG15T99","Adult literacy rate, population 15+ years, both sexes (%)","BGR","Bulgaria","2001","2001",98.20356,,
"LR_AG15T99","Adult literacy rate, population 15+ years, both sexes (%)","BGR","Bulgaria","2011","2011",98.35245,,
"LR_AG15T99","Adult literacy rate, population 15+ years, both sexes (%)","TLS","Timor-Leste","2001","2001",37.6,,
"LR_AG15T99","Adult literacy rate, population 15+ years, both sexes (%)","TLS","Timor-Leste","2007","2007",50.6,,
"LR_AG15T99","Adult literacy rate, population 15+ years, both sexes (%)","TLS","Timor-Leste","2010","2010",58.30898,,
"LR_AG15T99","Adult literacy rate, population 15+ years, both sexes (%)","NGA","Nigeria","1991","1991",55.44675,,
"LR_AG15T99","Adult literacy rate, population 15+ years, both sexes (%)","NGA","Nigeria","2003","2003",54.77318,,
"LR_AG15T99","Adult literacy rate, population 15+ years, both sexes (%)","NGA","Nigeria","2008","2008",51.07766,"‡","UIS Estimation"
"LR_AG15T99","Adult literacy rate, population 15+ years, both sexes (%)","MUS","Mauritius","1990","1990",79.86866,,
"LR_AG15T99","Adult literacy rate, population 15+ years, both sexes (%)","MUS","Mauritius","2000","2000",84.30309,,
"LR_AG15T99","Adult literacy rate, population 15+ years, both sexes (%)","MUS","Mauritius","2011","2011",89.24984,,
"LR_AG15T99","Adult literacy rate, population 15+ years, both sexes (%)","MUS","Mauritius","2012","2012",91.76601,,
"LR_AG15T99","Adult literacy rate, population 15+ years, both sexes (%)","MUS","Mauritius","2013","2013",91.49003,,
"LR_AG15T99","Adult literacy rate, population 15+ years, both sexes (%)","MUS","Mauritius","2014","2014",92.47476,,
"LR_AG15T99","Adult literacy rate, population 15+ years, both sexes (%)","MUS","Mauritius","2015","2015",92.7076,,
"LR_AG15T99","Adult literacy rate, population 15+ years, both sexes (%)","UGA","Uganda","1991","1991",56.10738,,
"LR_AG15T99","Adult literacy rate, population 15+ years, both sexes (%)","UGA","Uganda","2002","2002",68.14251,,
"LR_AG15T99","Adult literacy rate, population 15+ years, both sexes (%)","UGA","Uganda","2006","2006",71.37314,,
"LR_AG15T99","Adult literacy rate, population 15+ years, both sexes (%)","UGA","Uganda","2010","2010",73.21188,,
"LR_AG15T99","Adult literacy rate, population 15+ years, both sexes (%)","UGA","Uganda","2012","2012",70.19822,,
"LR_AG15T99","Adult literacy rate, population 15+ years, both sexes (%)","AFG","Afghanistan","1979","1979",18.15768,,
"LR_AG15T99","Adult literacy rate, population 15+ years, both sexes (%)","AFG","Afghanistan","2011","2011",31.74112,,
"LR_AG15T99","Adult literacy rate, population 15+ years, both sexes (%)","PHL","Philippines","1980","1980",83.31723,,
"LR_AG15T99","Adult literacy rate, population 15+ years, both sexes (%)","PHL","Philippines","1990","1990",93.5739,,
"LR_AG15T99","Adult literacy rate, population 15+ years, both sexes (%)","PHL","Philippines","1994","1994",93.91597,"‡","UIS Estimation"
"LR_AG15T99","Adult literacy rate, population 15+ years, both sexes (%)","PHL","Philippines","2000","2000",92.60006,,
"LR_AG15T99","Adult literacy rate, population 15+ years, both sexes (%)","PHL","Philippines","2003","2003",92.59069,"‡","UIS Estimation"
"LR_AG15T99","Adult literacy rate, population 15+ years, both sexes (%)","PHL","Philippines","2008","2008",95.4201,,
"LR_AG15T99","Adult literacy rate, population 15+ years, both sexes (%)","PHL","Philippines","2013","2013",96.398,,
"LR_AG15T99","Adult literacy rate, population 15+ years, both sexes (%)","VEN","Venezuela (Bolivarian Republic of)","1981","1981",84.7322,,
"LR_AG15T99","Adult literacy rate, population 15+ years, both sexes (%)","VEN","Venezuela (Bolivarian Republic of)","1990","1990",89.82525,,
"LR_AG15T99","Adult literacy rate, population 15+ years, both sexes (%)","VEN","Venezuela (Bolivarian Republic of)","2001","2001",92.97983,,
"LR_AG15T99","Adult literacy rate, population 15+ years, both sexes (%)","VEN","Venezuela (Bolivarian Republic of)","2007","2007",95.15464,,
"LR_AG15T99","Adult literacy rate, population 15+ years, both sexes (%)","VEN","Venezuela (Bolivarian Republic of)","2009","2009",95.51199,,
"LR_AG15T99","Adult literacy rate, population 15+ years, both sexes (%)","VEN","Venezuela (Bolivarian Republic of)","2011","2011",94.77022,,
"LR_AG15T99","Adult literacy rate, population 15+ years, both sexes (%)","VEN","Venezuela (Bolivarian Republic of)","2015","2015",96.60522,,
"LR_AG15T99","Adult literacy rate, population 15+ years, both sexes (%)","VEN","Venezuela (Bolivarian Republic of)","2016","2016",97.12709,,
"LR_AG15T99","Adult literacy rate, population 15+ years, both sexes (%)","TKM","Turkmenistan","1995","1995",98.77832,,
"LR_AG15T99","Adult literacy rate, population 15+ years, both sexes (%)","PRK","Democratic People's Republic of Korea","2008","2008",99.99819,,
"LR_AG15T99","Adult literacy rate, population 15+ years, both sexes (%)","GAB","Gabon","1993","1993",72.23367,,
"LR_AG15T99","Adult literacy rate, population 15+ years, both sexes (%)","GAB","Gabon","2012","2012",82.2838,"‡","UIS Estimation"
"LR_AG15T99","Adult literacy rate, population 15+ years, both sexes (%)","XDN","Sudan (pre-secession)","2000","2000",61.34587,,
"LR_AG15T99","Adult literacy rate, population 15+ years, both sexes (%)","MMR","Myanmar","1983","1983",78.57041,,
"LR_AG15T99","Adult literacy rate, population 15+ years, both sexes (%)","MMR","Myanmar","2000","2000",89.94176,,
"LR_AG15T99","Adult literacy rate, population 15+ years, both sexes (%)","MMR","Myanmar","2016","2016",75.5512,"‡","UIS Estimation"
"LR_AG15T99","Adult literacy rate, population 15+ years, both sexes (%)","COL","Colombia","1993","1993",91.06309,,
"LR_AG15T99","Adult literacy rate, population 15+ years, both sexes (%)","COL","Colombia","1996","1996",91.20716,,
"LR_AG15T99","Adult literacy rate, population 15+ years, both sexes (%)","COL","Colombia","2004","2004",92.80378,,
"LR_AG15T99","Adult literacy rate, population 15+ years, both sexes (%)","COL","Colombia","2005","2005",92.84866,,
"LR_AG15T99","Adult literacy rate, population 15+ years, both sexes (%)","COL","Colombia","2006","2006",92.29968,,
"LR_AG15T99","Adult literacy rate, population 15+ years, both sexes (%)","COL","Colombia","2007","2007",92.65179,,
"LR_AG15T99","Adult literacy rate, population 15+ years, both sexes (%)","COL","Colombia","2008","2008",93.37818,,
"LR_AG15T99","Adult literacy rate, population 15+ years, both sexes (%)","COL","Colombia","2009","2009",93.24469,,
"LR_AG15T99","Adult literacy rate, population 15+ years, both sexes (%)","COL","Colombia","2010","2010",93.37233,,
"LR_AG15T99","Adult literacy rate, population 15+ years, both sexes (%)","COL","Colombia","2011","2011",93.58053,,
"LR_AG15T99","Adult literacy rate, population 15+ years, both sexes (%)","COL","Colombia","2014","2014",94.18625,,
"LR_AG15T99","Adult literacy rate, population 15+ years, both sexes (%)","COL","Colombia","2015","2015",94.24505,,
"LR_AG15T99","Adult literacy rate, population 15+ years, both sexes (%)","NIC","Nicaragua","2001","2001",76.67713,,
"LR_AG15T99","Adult literacy rate, population 15+ years, both sexes (%)","NIC","Nicaragua","2005","2005",78.00298,,
"LR_AG15T99","Adult literacy rate, population 15+ years, both sexes (%)","GMB","Gambia","2000","2000",36.81773,,
"LR_AG15T99","Adult literacy rate, population 15+ years, both sexes (%)","GMB","Gambia","2013","2013",41.95005,"‡","UIS Estimation"
"LR_AG15T99","Adult literacy rate, population 15+ years, both sexes (%)","SLE","Sierra Leone","2004","2004",34.82679,,
"LR_AG15T99","Adult literacy rate, population 15+ years, both sexes (%)","SLE","Sierra Leone","2013","2013",32.42617,"‡","UIS Estimation"
"LR_AG15T99","Adult literacy rate, population 15+ years, both sexes (%)","LVA","Latvia","1989","1989",99.4523,,
"LR_AG15T99","Adult literacy rate, population 15+ years, both sexes (%)","LVA","Latvia","2000","2000",99.74657,,
"LR_AG15T99","Adult literacy rate, population 15+ years, both sexes (%)","LVA","Latvia","2011","2011",99.8959,,
"LR_AG15T99","Adult literacy rate, population 15+ years, both sexes (%)","MWI","Malawi","1987","1987",48.53665,,
"LR_AG15T99","Adult literacy rate, population 15+ years, both sexes (%)","MWI","Malawi","1998","1998",64.13425,,
"LR_AG15T99","Adult literacy rate, population 15+ years, both sexes (%)","MWI","Malawi","2010","2010",61.30972,"‡","UIS Estimation"
"LR_AG15T99","Adult literacy rate, population 15+ years, both sexes (%)","MWI","Malawi","2014","2014",65.14537,"‡","UIS Estimation"
"LR_AG15T99","Adult literacy rate, population 15+ years, both sexes (%)","MWI","Malawi","2015","2015",62.14354,"‡","UIS Estimation"
"LR_AG15T99","Adult literacy rate, population 15+ years, both sexes (%)","CUB","Cuba","1981","1981",97.84665,,
"LR_AG15T99","Adult literacy rate, population 15+ years, both sexes (%)","CUB","Cuba","2002","2002",99.79907,,
"LR_AG15T99","Adult literacy rate, population 15+ years, both sexes (%)","CUB","Cuba","2012","2012",99.75253,,
"LR_AG15T99","Adult literacy rate, population 15+ years, both sexes (%)","ZWE","Zimbabwe","1982","1982",77.79417,,
"LR_AG15T99","Adult literacy rate, population 15+ years, both sexes (%)","ZWE","Zimbabwe","1992","1992",83.51258,,
"LR_AG15T99","Adult literacy rate, population 15+ years, both sexes (%)","ZWE","Zimbabwe","2011","2011",83.58271,"‡","UIS Estimation"
"LR_AG15T99","Adult literacy rate, population 15+ years, both sexes (%)","ZWE","Zimbabwe","2014","2014",88.69342,"‡","UIS Estimation"
"LR_AG15T99","Adult literacy rate, population 15+ years, both sexes (%)","TZA","United Republic of Tanzania","1988","1988",59.1138,,
"LR_AG15T99","Adult literacy rate, population 15+ years, both sexes (%)","TZA","United Republic of Tanzania","2002","2002",69.4309,,
"LR_AG15T99","Adult literacy rate, population 15+ years, both sexes (%)","TZA","United Republic of Tanzania","2010","2010",67.8007,"‡","UIS Estimation"
"LR_AG15T99","Adult literacy rate, population 15+ years, both sexes (%)","TZA","United Republic of Tanzania","2012","2012",78.10059,,
"LR_AG15T99","Adult literacy rate, population 15+ years, both sexes (%)","TZA","United Republic of Tanzania","2015","2015",77.88723,,
"LR_AG15T99","Adult literacy rate, population 15+ years, both sexes (%)","LBY","Libya","1984","1984",60.16439,,
"LR_AG15T99","Adult literacy rate, population 15+ years, both sexes (%)","EST","Estonia","1989","1989",99.72644,,
"LR_AG15T99","Adult literacy rate, population 15+ years, both sexes (%)","EST","Estonia","2000","2000",99.7672,,
"LR_AG15T99","Adult literacy rate, population 15+ years, both sexes (%)","EST","Estonia","2011","2011",99.88579,,
"LR_AG15T99","Adult literacy rate, population 15+ years, both sexes (%)","GTM","Guatemala","1994","1994",64.21164,,
"LR_AG15T99","Adult literacy rate, population 15+ years, both sexes (%)","GTM","Guatemala","2002","2002",69.10173,,
"LR_AG15T99","Adult literacy rate, population 15+ years, both sexes (%)","GTM","Guatemala","2012","2012",78.26486,,
"LR_AG15T99","Adult literacy rate, population 15+ years, both sexes (%)","GTM","Guatemala","2013","2013",77.03867,,
"LR_AG15T99","Adult literacy rate, population 15+ years, both sexes (%)","GTM","Guatemala","2014","2014",81.2859,,
"LR_AG15T99","Adult literacy rate, population 15+ years, both sexes (%)","NER","Niger","2001","2001",14.37604,,
"LR_AG15T99","Adult literacy rate, population 15+ years, both sexes (%)","NER","Niger","2005","2005",28.67242,,
"LR_AG15T99","Adult literacy rate, population 15+ years, both sexes (%)","NER","Niger","2012","2012",15.4567,"‡","UIS Estimation"
"LR_AG15T99","Adult literacy rate, population 15+ years, both sexes (%)","GHA","Ghana","2000","2000",57.89747,,
"LR_AG15T99","Adult literacy rate, population 15+ years, both sexes (%)","GHA","Ghana","2010","2010",71.49707,,
"LR_AG15T99","Adult literacy rate, population 15+ years, both sexes (%)","BLR","Belarus","1989","1989",97.88337,,
"LR_AG15T99","Adult literacy rate, population 15+ years, both sexes (%)","BLR","Belarus","1999","1999",99.59073,,
"LR_AG15T99","Adult literacy rate, population 15+ years, both sexes (%)","BLR","Belarus","2009","2009",99.61706,,
"LR_AG15T99","Adult literacy rate, population 15+ years, both sexes (%)","COG","Congo","2011","2011",79.31117,"‡","UIS Estimation"
"LR_AG15T99","Adult literacy rate, population 15+ years, both sexes (%)","ISR","Israel","1983","1983",91.75141,,
"LR_AG15T99","Adult literacy rate, population 15+ years, both sexes (%)","BLZ","Belize","1991","1991",70.29842,,
"LR_AG15T99","Adult literacy rate, population 15+ years, both sexes (%)","LBN","Lebanon","2007","2007",89.61244,,
"LR_AG15T99","Adult literacy rate, population 15+ years, both sexes (%)","LBN","Lebanon","2009","2009",91.18419,,
"LR_AG15T99","Adult literacy rate, population 15+ years, both sexes (%)","MHL","Marshall Islands","2011","2011",98.26508,,
"LR_AG15T99","Adult literacy rate, population 15+ years, both sexes (%)","VCT","Saint Vincent and the Grenadines","1970","1970",95.63216,,
"LR_AG15T99","Adult literacy rate, population 15+ years, both sexes (%)","BRB","Barbados","1970","1970",99.26808,,
"LR_AG15T99","Adult literacy rate, population 15+ years, both sexes (%)","AND","Andorra","2015","2015",100,,
"LR_AG15T99","Adult literacy rate, population 15+ years, both sexes (%)","AND","Andorra","2016","2016",100,,
"LR_AG15T99","Adult literacy rate, population 15+ years, both sexes (%)","GRL","Greenland","2015","2015",100,,
