Country Name,Country Code,Series Name,2000 [YR2000],2003 [YR2003],2006 [YR2006],2009 [YR2009],2012 [YR2012],2015 [YR2015]
Albania,ALB,PISA: Mean performance on the mathematics scale,381,,,377.4610565,394.3293334,413.157
Albania,ALB,PISA: Mean performance on the reading scale,348.8495124,,,384.8166024,393.9642519,405.2588
Albania,ALB,PISA: Mean performance on the science scale,376.4532138,,,390.6957455,397.3732136,427.225
Algeria,DZA,PISA: Mean performance on the mathematics scale,,,,,,359.6062
Algeria,DZA,PISA: Mean performance on the reading scale,,,,,,349.8593
Algeria,DZA,PISA: Mean performance on the science scale,,,,,,375.7451
Argentina,ARG,PISA: Mean performance on the mathematics scale,388,,381.2539117,388.0681283,388.4317099,409.0333
Argentina,ARG,PISA: Mean performance on the reading scale,418.2507003,,373.7237716,398.26088,395.9791227,425.3031
Argentina,ARG,PISA: Mean performance on the science scale,396.1667536,,391.2439018,400.8385202,405.632005,432.2262
Armenia,ARM,PISA: Mean performance on the mathematics scale,,,,,,
Armenia,ARM,PISA: Mean performance on the reading scale,,,,,,
Armenia,ARM,PISA: Mean performance on the science scale,,,,,,
Australia,AUS,PISA: Mean performance on the mathematics scale,533,524.2660043,519.9077487,514.3404624,504.1507663,493.8962
Australia,AUS,PISA: Mean performance on the reading scale,528.2785044,525.4270067,512.8932914,514.9006552,511.8039977,502.9006
Australia,AUS,PISA: Mean performance on the science scale,527.502067,525.054499,526.8795886,527.270534,521.4947463,509.9939
Austria,AUT,PISA: Mean performance on the mathematics scale,502.5,505.6109833,505.4835985,495.908655,505.5407432,496.7423
Austria,AUT,PISA: Mean performance on the reading scale,492.0560068,490.6932404,490.1939773,470.283632,489.6093354,484.8656
Austria,AUT,PISA: Mean performance on the science scale,504.6968535,490.9846035,510.8371541,494.3276732,505.7812471,495.0375
Azerbaijan,AZE,PISA: Mean performance on the mathematics scale,,,475.9952205,430.9753002,,
Azerbaijan,AZE,PISA: Mean performance on the reading scale,,,352.8918515,361.5153176,,
Azerbaijan,AZE,PISA: Mean performance on the science scale,,,382.3339368,373.1835882,,
Bahrain,BHR,PISA: Mean performance on the mathematics scale,,,,,,
Bahrain,BHR,PISA: Mean performance on the reading scale,,,,,,
Bahrain,BHR,PISA: Mean performance on the science scale,,,,,,
Belgium,BEL,PISA: Mean performance on the mathematics scale,520,529.2864111,520.3489726,515.2722769,514.5292447,506.9844
Belgium,BEL,PISA: Mean performance on the reading scale,507.1258905,506.9873294,500.9005947,505.9457962,508.6178763,498.5242
Belgium,BEL,PISA: Mean performance on the science scale,495.7350291,508.8289823,510.3634836,506.5755263,504.867653,501.9997
Belize,BLZ,PISA: Mean performance on the mathematics scale,,,,,,
Belize,BLZ,PISA: Mean performance on the reading scale,,,,,,
Belize,BLZ,PISA: Mean performance on the science scale,,,,,,
Benin,BEN,PISA: Mean performance on the mathematics scale,,,,,,
Benin,BEN,PISA: Mean performance on the reading scale,,,,,,
Benin,BEN,PISA: Mean performance on the science scale,,,,,,
Bolivia,BOL,PISA: Mean performance on the mathematics scale,,,,,,
Bolivia,BOL,PISA: Mean performance on the reading scale,,,,,,
Bolivia,BOL,PISA: Mean performance on the science scale,,,,,,
Bosnia and Herzegovina,BIH,PISA: Mean performance on the mathematics scale,,,,,,
Bosnia and Herzegovina,BIH,PISA: Mean performance on the reading scale,,,,,,
Bosnia and Herzegovina,BIH,PISA: Mean performance on the science scale,,,,,,
Botswana,BWA,PISA: Mean performance on the mathematics scale,,,,,,
Botswana,BWA,PISA: Mean performance on the reading scale,,,,,,
Botswana,BWA,PISA: Mean performance on the science scale,,,,,,
Brazil,BRA,PISA: Mean performance on the mathematics scale,334,356.015791,369.5150467,385.814112,391.459889,377.0695
Brazil,BRA,PISA: Mean performance on the reading scale,396.0290837,402.796284,392.8851125,411.7549275,410.1218477,407.3486
Brazil,BRA,PISA: Mean performance on the science scale,375.1689498,389.6196365,390.3315707,405.4039888,404.7105293,400.6821
Bulgaria,BGR,PISA: Mean performance on the mathematics scale,430,,413.4491713,428.0661428,438.7382599,441.1899
Bulgaria,BGR,PISA: Mean performance on the reading scale,430.4034328,,401.9349802,429.081087,436.1257253,431.7175
Bulgaria,BGR,PISA: Mean performance on the science scale,448.2847115,,434.0797709,439.2941487,446.4687094,445.772
Burkina Faso,BFA,PISA: Mean performance on the mathematics scale,,,,,,
Burkina Faso,BFA,PISA: Mean performance on the reading scale,,,,,,
Burkina Faso,BFA,PISA: Mean performance on the science scale,,,,,,
Burundi,BDI,PISA: Mean performance on the mathematics scale,,,,,,
Burundi,BDI,PISA: Mean performance on the reading scale,,,,,,
Burundi,BDI,PISA: Mean performance on the science scale,,,,,,
Cameroon,CMR,PISA: Mean performance on the mathematics scale,,,,,,
Cameroon,CMR,PISA: Mean performance on the reading scale,,,,,,
Cameroon,CMR,PISA: Mean performance on the science scale,,,,,,
Canada,CAN,PISA: Mean performance on the mathematics scale,533,532.4867361,527.0071789,526.8051528,518.0703996,515.6474
Canada,CAN,PISA: Mean performance on the reading scale,534.3127191,527.9136117,527.0112953,524.2418334,523.1167184,526.6678
Canada,CAN,PISA: Mean performance on the science scale,529.3602518,518.7451636,534.4697773,528.7049532,525.4609698,527.7047
Chad,TCD,PISA: Mean performance on the mathematics scale,,,,,,
Chad,TCD,PISA: Mean performance on the reading scale,,,,,,
Chad,TCD,PISA: Mean performance on the science scale,,,,,,
Chile,CHL,PISA: Mean performance on the mathematics scale,384,,411.3503389,421.060473,422.6323554,422.6714
Chile,CHL,PISA: Mean performance on the reading scale,409.556782,,442.0913459,449.3696068,441.3981633,458.5709
Chile,CHL,PISA: Mean performance on the science scale,414.8530771,,438.1774448,447.4673599,444.9339197,446.9561
Colombia,COL,PISA: Mean performance on the mathematics scale,,,369.9785129,380.8482149,376.4886011,389.6438
Colombia,COL,PISA: Mean performance on the reading scale,,,385.3080382,413.1814991,403.4025341,424.9052
Colombia,COL,PISA: Mean performance on the science scale,,,388.0382719,401.7501153,398.6786316,415.7288
Comoros,COM,PISA: Mean performance on the mathematics scale,,,,,,
Comoros,COM,PISA: Mean performance on the reading scale,,,,,,
Comoros,COM,PISA: Mean performance on the science scale,,,,,,
"Congo, Dem. Rep.",COD,PISA: Mean performance on the mathematics scale,,,,,,
"Congo, Dem. Rep.",COD,PISA: Mean performance on the reading scale,,,,,,
"Congo, Dem. Rep.",COD,PISA: Mean performance on the science scale,,,,,,
"Congo, Rep.",COG,PISA: Mean performance on the mathematics scale,,,,,,
"Congo, Rep.",COG,PISA: Mean performance on the reading scale,,,,,,
"Congo, Rep.",COG,PISA: Mean performance on the science scale,,,,,,
Costa Rica,CRI,PISA: Mean performance on the mathematics scale,,,,409.3853691,406.999867,400.2534
Costa Rica,CRI,PISA: Mean performance on the reading scale,,,,442.5809436,440.5478107,427.4875
Costa Rica,CRI,PISA: Mean performance on the science scale,,,,430.4812792,429.3509675,419.608
Cote d'Ivoire,CIV,PISA: Mean performance on the mathematics scale,,,,,,
Cote d'Ivoire,CIV,PISA: Mean performance on the reading scale,,,,,,
Cote d'Ivoire,CIV,PISA: Mean performance on the science scale,,,,,,
Croatia,HRV,PISA: Mean performance on the mathematics scale,,,467.2467142,459.9389179,471.1314608,464.0401
Croatia,HRV,PISA: Mean performance on the reading scale,,,477.364238,475.7488864,484.5650321,486.8632
Croatia,HRV,PISA: Mean performance on the science scale,,,493.2043918,486.3634488,491.3565828,475.3912
Cuba,CUB,PISA: Mean performance on the mathematics scale,,,,,,
Cuba,CUB,PISA: Mean performance on the reading scale,,,,,,
Cuba,CUB,PISA: Mean performance on the science scale,,,,,,
Cyprus,CYP,PISA: Mean performance on the mathematics scale,,,,,,437.1443
Cyprus,CYP,PISA: Mean performance on the reading scale,,,,,448.9529787,442.8443
Cyprus,CYP,PISA: Mean performance on the science scale,,,,,437.676459,432.5964
Czech Republic,CZE,PISA: Mean performance on the mathematics scale,498,516.4550002,509.8593591,492.8140943,498.9578823,492.3254
Czech Republic,CZE,PISA: Mean performance on the reading scale,491.5770321,488.5422844,482.7151621,478.1867206,492.8897382,487.2501
Czech Republic,CZE,PISA: Mean performance on the science scale,511.4145186,523.2537295,512.8607461,500.497066,508.2990794,492.83
Denmark,DNK,PISA: Mean performance on the mathematics scale,514,514.2876752,513.02595,503.2781472,500.0267566,511.0876
Denmark,DNK,PISA: Mean performance on the reading scale,496.8709663,492.3233793,494.4829807,494.9161618,496.1308814,499.8146
Denmark,DNK,PISA: Mean performance on the science scale,481.0053402,475.2226705,495.89431,499.3369747,498.4742014,501.9369
Dominican Republic,DOM,PISA: Mean performance on the mathematics scale,,,,,,327.702
Dominican Republic,DOM,PISA: Mean performance on the reading scale,,,,,,357.7377
Dominican Republic,DOM,PISA: Mean performance on the science scale,,,,,,331.6388
Ecuador,ECU,PISA: Mean performance on the mathematics scale,,,,,,
Ecuador,ECU,PISA: Mean performance on the reading scale,,,,,,
Ecuador,ECU,PISA: Mean performance on the science scale,,,,,,
"Egypt, Arab Rep.",EGY,PISA: Mean performance on the mathematics scale,,,,,,
"Egypt, Arab Rep.",EGY,PISA: Mean performance on the reading scale,,,,,,
"Egypt, Arab Rep.",EGY,PISA: Mean performance on the science scale,,,,,,
El Salvador,SLV,PISA: Mean performance on the mathematics scale,,,,,,
El Salvador,SLV,PISA: Mean performance on the reading scale,,,,,,
El Salvador,SLV,PISA: Mean performance on the science scale,,,,,,
Estonia,EST,PISA: Mean performance on the mathematics scale,,,514.575462,512.1041977,520.5455217,519.5291
Estonia,EST,PISA: Mean performance on the reading scale,,,500.7497617,500.9618655,516.2941843,519.1429
Estonia,EST,PISA: Mean performance on the science scale,,,531.3918041,527.8317562,541.4047562,534.1937
Ethiopia,ETH,PISA: Mean performance on the mathematics scale,,,,,,
Ethiopia,ETH,PISA: Mean performance on the reading scale,,,,,,
Ethiopia,ETH,PISA: Mean performance on the science scale,,,,,,
Finland,FIN,PISA: Mean performance on the mathematics scale,536,544.289187,548.3583951,540.5043481,518.7503353,511.0769
Finland,FIN,PISA: Mean performance on the reading scale,546.4691446,543.4625433,546.8682814,535.8779845,524.0216697,526.4247
Finland,FIN,PISA: Mean performance on the science scale,537.7412569,548.2250016,563.3228339,554.07951,545.44194,530.6612
France,FRA,PISA: Mean performance on the mathematics scale,517,510.7994735,495.5383326,496.7823104,494.9846743,492.9204
France,FRA,PISA: Mean performance on the reading scale,504.7423882,496.1887849,487.7062472,495.6165413,505.4814834,499.3061
France,FRA,PISA: Mean performance on the science scale,500.4863175,511.2254575,495.2198386,498.2268939,498.9708942,494.9776
Gabon,GAB,PISA: Mean performance on the mathematics scale,,,,,,
Gabon,GAB,PISA: Mean performance on the reading scale,,,,,,
Gabon,GAB,PISA: Mean performance on the science scale,,,,,,
Georgia,GEO,PISA: Mean performance on the mathematics scale,,,,379.4909589,,403.8332
Georgia,GEO,PISA: Mean performance on the reading scale,,,,374.2598726,,401.2881
Georgia,GEO,PISA: Mean performance on the science scale,,,,372.6529491,,411.1315
Germany,DEU,PISA: Mean performance on the mathematics scale,490,502.9855321,503.7908587,512.7776426,513.5250558,505.9713
Germany,DEU,PISA: Mean performance on the reading scale,483.9908238,491.3579985,494.9444179,497.3050582,507.6765298,509.1041
Germany,DEU,PISA: Mean performance on the science scale,487.1058357,502.3364763,515.64913,520.4053495,524.1207993,509.1406
Ghana,GHA,PISA: Mean performance on the mathematics scale,,,,,,
Ghana,GHA,PISA: Mean performance on the reading scale,,,,,,
Ghana,GHA,PISA: Mean performance on the science scale,,,,,,
Greece,GRC,PISA: Mean performance on the mathematics scale,447,444.9118627,459.2019867,466.0963729,452.9734269,453.6299
Greece,GRC,PISA: Mean performance on the reading scale,473.7988515,472.2668764,459.7111845,482.776242,477.1971765,467.0395
Greece,GRC,PISA: Mean performance on the science scale,460.5538659,481.022265,473.3779639,470.1157642,466.7220295,454.8288
Guatemala,GTM,PISA: Mean performance on the mathematics scale,,,,,,
Guatemala,GTM,PISA: Mean performance on the reading scale,,,,,,
Guatemala,GTM,PISA: Mean performance on the science scale,,,,,,
Guyana,GUY,PISA: Mean performance on the mathematics scale,,,,,,
Guyana,GUY,PISA: Mean performance on the reading scale,,,,,,
Guyana,GUY,PISA: Mean performance on the science scale,,,,,,
Honduras,HND,PISA: Mean performance on the mathematics scale,,,,,,
Honduras,HND,PISA: Mean performance on the reading scale,,,,,,
Honduras,HND,PISA: Mean performance on the science scale,,,,,,
"Hong Kong SAR, China",HKG,PISA: Mean performance on the mathematics scale,560,550.3832405,547.4606797,554.5275065,561.2410965,547.931
"Hong Kong SAR, China",HKG,PISA: Mean performance on the reading scale,525.4559048,509.5351503,536.0655661,533.151268,544.600086,526.6753
"Hong Kong SAR, China",HKG,PISA: Mean performance on the science scale,540.8091616,539.4975171,542.2113875,549.0287069,554.9374344,523.2774
Hungary,HUN,PISA: Mean performance on the mathematics scale,488,490.0123924,490.9373834,490.1700276,477.044455,476.8309
Hungary,HUN,PISA: Mean performance on the reading scale,479.9667778,481.8696944,482.3745173,494.1787533,488.461334,469.5233
Hungary,HUN,PISA: Mean performance on the science scale,496.0763223,503.2788655,503.9317287,502.6427487,494.3023512,476.7475
Iceland,ISL,PISA: Mean performance on the mathematics scale,514,515.10865,505.5448284,506.6691636,492.7956972,488.0332
Iceland,ISL,PISA: Mean performance on the reading scale,506.9304615,491.7469601,484.4452715,500.2833193,482.5224399,481.5255
Iceland,ISL,PISA: Mean performance on the science scale,495.9142252,494.7452495,490.7937741,495.5984983,478.1545962,473.2301
Indonesia,IDN,PISA: Mean performance on the mathematics scale,367,360.158832,391.0068082,371.300931,375.1144517,386.1096
Indonesia,IDN,PISA: Mean performance on the reading scale,370.614664,381.5903621,392.9328299,401.7051957,396.1200945,397.2595
Indonesia,IDN,PISA: Mean performance on the science scale,393.3299296,395.04239,393.4810182,382.5694517,381.9114849,403.0997
"Iran, Islamic Rep.",IRN,PISA: Mean performance on the mathematics scale,,,,,,
"Iran, Islamic Rep.",IRN,PISA: Mean performance on the reading scale,,,,,,
"Iran, Islamic Rep.",IRN,PISA: Mean performance on the science scale,,,,,,
Ireland,IRL,PISA: Mean performance on the mathematics scale,503,502.8373193,501.4717714,487.1363752,501.4974602,503.722
Ireland,IRL,PISA: Mean performance on the reading scale,526.6686493,515.4800767,517.3132381,495.6391088,523.1732102,520.8148
Ireland,IRL,PISA: Mean performance on the science scale,513.3677039,505.3908395,508.32893,507.9841538,522.0039592,502.5751
Israel,ISR,PISA: Mean performance on the mathematics scale,433,,441.8587279,446.8637638,466.4814301,469.6695
Israel,ISR,PISA: Mean performance on the reading scale,452.172404,,438.6722758,473.9899504,485.8032124,478.9606
Israel,ISR,PISA: Mean performance on the science scale,434.136225,,453.9037082,454.8509634,470.0726618,466.5528
Italy,ITA,PISA: Mean performance on the mathematics scale,457,465.6642101,461.6887207,482.9084804,485.321181,489.7287
Italy,ITA,PISA: Mean performance on the reading scale,487.4696453,475.6615808,468.5231086,486.0510988,489.7544033,484.758
Italy,ITA,PISA: Mean performance on the science scale,477.6033201,486.4542137,475.3972206,488.8313629,493.5414818,480.5468
Japan,JPN,PISA: Mean performance on the mathematics scale,557,534.1365016,523.1025149,528.993093,536.4069182,532.4399
Japan,JPN,PISA: Mean performance on the reading scale,522.2349285,498.1052058,497.9570687,519.8577224,538.0514848,515.9585
Japan,JPN,PISA: Mean performance on the science scale,550.4037746,547.6382344,531.3885088,539.430994,546.7355998,538.3948
Jordan,JOR,PISA: Mean performance on the mathematics scale,,,384.0360517,386.663814,385.5955564,380.259
Jordan,JOR,PISA: Mean performance on the reading scale,,,400.5812378,405.0093174,399.0347471,408.1022
Jordan,JOR,PISA: Mean performance on the science scale,,,421.971825,415.3877837,409.3672147,408.6691
Kazakhstan,KAZ,PISA: Mean performance on the mathematics scale,,,,404.8846921,431.7984085,459.816
Kazakhstan,KAZ,PISA: Mean performance on the reading scale,,,,390.4100765,392.7362333,427.141
Kazakhstan,KAZ,PISA: Mean performance on the science scale,,,,400.3761388,424.707523,456.4836
Kenya,KEN,PISA: Mean performance on the mathematics scale,,,,,,
Kenya,KEN,PISA: Mean performance on the reading scale,,,,,,
Kenya,KEN,PISA: Mean performance on the science scale,,,,,,
"Korea, Rep.",KOR,PISA: Mean performance on the mathematics scale,547,542.2273695,547.4584787,546.2285341,553.7666591,524.1062
"Korea, Rep.",KOR,PISA: Mean performance on the reading scale,524.7542989,534.0912644,556.0219102,539.2674834,535.7904904,517.4367
"Korea, Rep.",KOR,PISA: Mean performance on the science scale,552.118528,538.4251064,522.1481408,537.9862303,537.7876215,515.8099
Kosovo,XKX,PISA: Mean performance on the mathematics scale,,,,,,361.534
Kosovo,XKX,PISA: Mean performance on the reading scale,,,,,,347.1259
Kosovo,XKX,PISA: Mean performance on the science scale,,,,,,378.4422
Kuwait,KWT,PISA: Mean performance on the mathematics scale,,,,,,
Kuwait,KWT,PISA: Mean performance on the reading scale,,,,,,
Kuwait,KWT,PISA: Mean performance on the science scale,,,,,,
Kyrgyz Republic,KGZ,PISA: Mean performance on the mathematics scale,,,310.5838312,331.1555092,,
Kyrgyz Republic,KGZ,PISA: Mean performance on the reading scale,,,284.7065914,314.0198856,,
Kyrgyz Republic,KGZ,PISA: Mean performance on the science scale,,,322.0315813,329.5456231,,
Latvia,LVA,PISA: Mean performance on the mathematics scale,463,483.3749485,486.1660839,481.9538226,490.5710214,482.3051
Latvia,LVA,PISA: Mean performance on the reading scale,458.0710819,490.5625337,479.4918354,483.9601455,488.6944138,487.7581
Latvia,LVA,PISA: Mean performance on the science scale,460.0608348,489.1249171,489.5437775,493.8789239,502.1861921,490.225
Lebanon,LBN,PISA: Mean performance on the mathematics scale,,,,,,396.2497
Lebanon,LBN,PISA: Mean performance on the reading scale,,,,,,346.549
Lebanon,LBN,PISA: Mean performance on the science scale,,,,,,386.4854
Lesotho,LSO,PISA: Mean performance on the mathematics scale,,,,,,
Lesotho,LSO,PISA: Mean performance on the reading scale,,,,,,
Lesotho,LSO,PISA: Mean performance on the science scale,,,,,,
Liechtenstein,LIE,PISA: Mean performance on the mathematics scale,514,535.7954223,524.9674262,536.0484684,534.965083,
Liechtenstein,LIE,PISA: Mean performance on the reading scale,482.5869209,525.0750102,510.4377821,499.3220527,515.5216541,
Liechtenstein,LIE,PISA: Mean performance on the science scale,476.0998474,525.1754095,522.161034,519.9141675,524.6949923,
Lithuania,LTU,PISA: Mean performance on the mathematics scale,,,486.4213353,476.6023031,478.8232774,478.3834
Lithuania,LTU,PISA: Mean performance on the reading scale,,,470.0707555,468.4427343,477.3066115,472.4066
Lithuania,LTU,PISA: Mean performance on the science scale,,,487.9566984,491.4097909,495.7000864,475.4089
Luxembourg,LUX,PISA: Mean performance on the mathematics scale,446,493.2085567,490.0018406,489.0672634,489.845098,485.7706
Luxembourg,LUX,PISA: Mean performance on the reading scale,441,479.4225836,479.3665412,472.1733867,487.8070428,481.4391
Luxembourg,LUX,PISA: Mean performance on the science scale,443.0705729,482.763997,486.3243626,483.928421,491.2151757,482.8064
"Macao SAR, China",MAC,PISA: Mean performance on the mathematics scale,,527.2702813,525.0025089,525.2830228,538.1344947,543.8078
"Macao SAR, China",MAC,PISA: Mean performance on the reading scale,,497.6400755,492.2878142,486.6353493,508.9492554,508.6905
"Macao SAR, China",MAC,PISA: Mean performance on the science scale,,524.6836882,510.8397224,511.0695978,520.5708753,528.5496
"Macedonia, FYR",MKD,PISA: Mean performance on the mathematics scale,381,,,,,371.3114
"Macedonia, FYR",MKD,PISA: Mean performance on the reading scale,373,,,,,351.7415
"Macedonia, FYR",MKD,PISA: Mean performance on the science scale,400.7154576,,,,,383.6824
Madagascar,MDG,PISA: Mean performance on the mathematics scale,,,,,,
Madagascar,MDG,PISA: Mean performance on the reading scale,,,,,,
Madagascar,MDG,PISA: Mean performance on the science scale,,,,,,
Malawi,MWI,PISA: Mean performance on the mathematics scale,,,,,,
Malawi,MWI,PISA: Mean performance on the reading scale,,,,,,
Malawi,MWI,PISA: Mean performance on the science scale,,,,,,
Malaysia,MYS,PISA: Mean performance on the mathematics scale,,,,404.2581325,420.5129676,446.1098
Malaysia,MYS,PISA: Mean performance on the reading scale,,,,413.8120444,398.1960598,430.5782
Malaysia,MYS,PISA: Mean performance on the science scale,,,,422.2316404,419.5026485,442.9475
Mali,MLI,PISA: Mean performance on the mathematics scale,,,,,,
Mali,MLI,PISA: Mean performance on the reading scale,,,,,,
Mali,MLI,PISA: Mean performance on the science scale,,,,,,
Malta,MLT,PISA: Mean performance on the mathematics scale,,,,462.8762023,,478.6448
Malta,MLT,PISA: Mean performance on the reading scale,,,,442.0524996,,446.6661
Malta,MLT,PISA: Mean performance on the science scale,,,,461.3394152,,464.7819
Mauritius,MUS,PISA: Mean performance on the mathematics scale,,,,419.9971476,,
Mauritius,MUS,PISA: Mean performance on the reading scale,,,,406.5718239,,
Mauritius,MUS,PISA: Mean performance on the science scale,,,,417.2037314,,
Mexico,MEX,PISA: Mean performance on the mathematics scale,387,385.2183395,405.6546401,418.5090948,413.2814667,408.0235
Mexico,MEX,PISA: Mean performance on the reading scale,421.9606302,399.7219275,410.4964546,425.2652992,423.5537618,423.2765
Mexico,MEX,PISA: Mean performance on the science scale,421.5373424,404.8961673,409.6519518,415.9086722,414.9201477,415.7099
Moldova,MDA,PISA: Mean performance on the mathematics scale,,,,397.4920859,,419.6635
Moldova,MDA,PISA: Mean performance on the reading scale,,,,388.0777702,,416.2293
Moldova,MDA,PISA: Mean performance on the science scale,,,,412.77101,,427.9978
Mongolia,MNG,PISA: Mean performance on the mathematics scale,,,,,,
Mongolia,MNG,PISA: Mean performance on the reading scale,,,,,,
Mongolia,MNG,PISA: Mean performance on the science scale,,,,,,
Montenegro,MNE,PISA: Mean performance on the mathematics scale,,,399.3076884,402.5153641,409.6266133,417.9341
Montenegro,MNE,PISA: Mean performance on the reading scale,,,391.9754478,407.5477695,422.1113543,426.8845
Montenegro,MNE,PISA: Mean performance on the science scale,,,411.7884281,401.2774698,410.0976023,411.3136
Morocco,MAR,PISA: Mean performance on the mathematics scale,,,,,,
Morocco,MAR,PISA: Mean performance on the reading scale,,,,,,
Morocco,MAR,PISA: Mean performance on the science scale,,,,,,
Mozambique,MOZ,PISA: Mean performance on the mathematics scale,,,,,,
Mozambique,MOZ,PISA: Mean performance on the reading scale,,,,,,
Mozambique,MOZ,PISA: Mean performance on the science scale,,,,,,
Namibia,NAM,PISA: Mean performance on the mathematics scale,,,,,,
Namibia,NAM,PISA: Mean performance on the reading scale,,,,,,
Namibia,NAM,PISA: Mean performance on the science scale,,,,,,
Netherlands,NLD,PISA: Mean performance on the mathematics scale,,537.823276,530.6540463,525.8356884,522.9717582,512.2528
Netherlands,NLD,PISA: Mean performance on the reading scale,,513.1189704,506.7469706,508.4037229,511.2299652,502.9591
Netherlands,NLD,PISA: Mean performance on the science scale,,524.3687064,524.8615057,522.2181282,522.0558217,508.5748
New Zealand,NZL,PISA: Mean performance on the mathematics scale,537,523.4865847,521.9888488,519.3008725,499.7499028,495.2233
New Zealand,NZL,PISA: Mean performance on the reading scale,528.7997321,521.55151,521.0326447,520.8800087,512.1867933,509.2707
New Zealand,NZL,PISA: Mean performance on the science scale,527.6866672,520.9042747,530.3843608,532.0069014,515.6363187,513.3035
Nicaragua,NIC,PISA: Mean performance on the mathematics scale,,,,,,
Nicaragua,NIC,PISA: Mean performance on the reading scale,,,,,,
Nicaragua,NIC,PISA: Mean performance on the science scale,,,,,,
Niger,NER,PISA: Mean performance on the mathematics scale,,,,,,
Niger,NER,PISA: Mean performance on the reading scale,,,,,,
Niger,NER,PISA: Mean performance on the science scale,,,,,,
Norway,NOR,PISA: Mean performance on the mathematics scale,499,495.1853905,489.8463535,497.9556931,489.3730703,501.7298
Norway,NOR,PISA: Mean performance on the reading scale,505.2809888,499.7402338,484.2925627,503.2300204,503.936686,513.1912
Norway,NOR,PISA: Mean performance on the science scale,500.3389808,484.1812491,486.5279572,499.8756998,494.5239347,498.4811
Oman,OMN,PISA: Mean performance on the mathematics scale,,,,,,
Oman,OMN,PISA: Mean performance on the reading scale,,,,,,
Oman,OMN,PISA: Mean performance on the science scale,,,,,,
Panama,PAN,PISA: Mean performance on the mathematics scale,,,,359.7481591,,
Panama,PAN,PISA: Mean performance on the reading scale,,,,370.7273005,,
Panama,PAN,PISA: Mean performance on the science scale,,,,375.895558,,
Paraguay,PRY,PISA: Mean performance on the mathematics scale,,,,,,
Paraguay,PRY,PISA: Mean performance on the reading scale,,,,,,
Paraguay,PRY,PISA: Mean performance on the science scale,,,,,,
Peru,PER,PISA: Mean performance on the mathematics scale,292,,,365.1072722,368.1025471,386.5606
Peru,PER,PISA: Mean performance on the reading scale,327.0848429,,,369.6957603,384.1512235,397.5414
Peru,PER,PISA: Mean performance on the science scale,333.3409589,,,369.3517714,373.1134484,396.6836
Philippines,PHL,PISA: Mean performance on the mathematics scale,,,,,,
Philippines,PHL,PISA: Mean performance on the reading scale,,,,,,
Philippines,PHL,PISA: Mean performance on the science scale,,,,,,
Poland,POL,PISA: Mean performance on the mathematics scale,470,490.2387761,495.4284973,494.8029185,517.5010968,504.4693
Poland,POL,PISA: Mean performance on the reading scale,479.121688,496.6052659,507.6395269,500.4784826,518.1868805,505.6971
Poland,POL,PISA: Mean performance on the science scale,483.1221086,497.780127,497.8065021,508.0682977,525.8164454,501.4353
Portugal,PRT,PISA: Mean performance on the mathematics scale,454,466.0166947,466.1609858,486.8883061,487.0631813,491.627
Portugal,PRT,PISA: Mean performance on the reading scale,470.1546221,477.5686456,472.3043048,489.3349239,487.7576872,498.1289
Portugal,PRT,PISA: Mean performance on the science scale,458.9957854,467.7351214,474.3058892,492.9499674,489.274732,501.1001
Qatar,QAT,PISA: Mean performance on the mathematics scale,,,317.955652,368.1124874,376.4483986,402.4007
Qatar,QAT,PISA: Mean performance on the reading scale,,,312.2134556,371.7160306,387.5041309,401.8874
Qatar,QAT,PISA: Mean performance on the science scale,,,349.3131452,379.4469486,383.6425534,417.6112
Romania,ROU,PISA: Mean performance on the mathematics scale,426,,414.7959508,427.0791757,444.5542428,443.9543
Romania,ROU,PISA: Mean performance on the reading scale,427.9315057,,395.9317369,424.4583284,437.5994883,433.6166
Romania,ROU,PISA: Mean performance on the science scale,441,,418.3863726,428.1788847,438.7680562,434.8849
Russian Federation,RUS,PISA: Mean performance on the mathematics scale,478,468.406654,475.6790755,467.8122092,482.1694157,494.06
Russian Federation,RUS,PISA: Mean performance on the reading scale,461.7620331,442.1968302,439.8557429,459.3959293,475.1493741,494.6278
Russian Federation,RUS,PISA: Mean performance on the science scale,460.313938,489.286127,479.4704174,478.2975299,486.29549,486.631
Rwanda,RWA,PISA: Mean performance on the mathematics scale,,,,,,
Rwanda,RWA,PISA: Mean performance on the reading scale,,,,,,
Rwanda,RWA,PISA: Mean performance on the science scale,,,,,,
Saudi Arabia,SAU,PISA: Mean performance on the mathematics scale,,,,,,
Saudi Arabia,SAU,PISA: Mean performance on the reading scale,,,,,,
Saudi Arabia,SAU,PISA: Mean performance on the science scale,,,,,,
Senegal,SEN,PISA: Mean performance on the mathematics scale,,,,,,
Senegal,SEN,PISA: Mean performance on the reading scale,,,,,,
Senegal,SEN,PISA: Mean performance on the science scale,,,,,,
Serbia,SRB,PISA: Mean performance on the mathematics scale,,436.871283,435.3753323,442.3818887,448.8591302,
Serbia,SRB,PISA: Mean performance on the reading scale,,411.7374287,401.0275074,442.0167013,446.1301955,
Serbia,SRB,PISA: Mean performance on the science scale,,436.3736957,435.6363445,442.785787,444.8041109,
Seychelles,SYC,PISA: Mean performance on the mathematics scale,,,,,,
Seychelles,SYC,PISA: Mean performance on the reading scale,,,,,,
Seychelles,SYC,PISA: Mean performance on the science scale,,,,,,
Singapore,SGP,PISA: Mean performance on the mathematics scale,,,,562.0187412,573.4683143,564.1897
Singapore,SGP,PISA: Mean performance on the reading scale,,,,525.8965167,542.2158342,535.1002
Singapore,SGP,PISA: Mean performance on the science scale,,,,541.6955181,551.4931566,555.5747
Slovak Republic,SVK,PISA: Mean performance on the mathematics scale,,498.183456,492.1062377,496.6834202,481.644744,475.2301
Slovak Republic,SVK,PISA: Mean performance on the reading scale,,469.1590334,466.3497686,477.4433524,462.7670328,452.5143
Slovak Republic,SVK,PISA: Mean performance on the science scale,,494.8583834,488.4333982,490.2659221,471.1931773,460.7749
Slovenia,SVN,PISA: Mean performance on the mathematics scale,,,504.4559639,501.4723895,501.1274224,509.9196
Slovenia,SVN,PISA: Mean performance on the reading scale,,,494.4090365,483.0820423,481.3162835,505.2159
Slovenia,SVN,PISA: Mean performance on the science scale,,,518.8156095,511.7594731,514.142555,512.8636
South Africa,ZAF,PISA: Mean performance on the mathematics scale,,,,,,
South Africa,ZAF,PISA: Mean performance on the reading scale,,,,,,
South Africa,ZAF,PISA: Mean performance on the science scale,,,,,,
Spain,ESP,PISA: Mean performance on the mathematics scale,476,485.1080564,479.9575074,483.4931403,484.3192978,485.8432
Spain,ESP,PISA: Mean performance on the reading scale,492.5529692,480.5379905,460.8301121,481.0423261,487.9391816,495.5764
Spain,ESP,PISA: Mean performance on the science scale,490.9390074,487.0925695,488.4245224,488.2546303,496.4458228,492.7861
Swaziland,SWZ,PISA: Mean performance on the mathematics scale,,,,,,
Swaziland,SWZ,PISA: Mean performance on the reading scale,,,,,,
Swaziland,SWZ,PISA: Mean performance on the science scale,,,,,,
Sweden,SWE,PISA: Mean performance on the mathematics scale,510,509.0464487,502.3563988,494.2381754,478.2606359,493.9181
Sweden,SWE,PISA: Mean performance on the reading scale,516.3311858,514.2674127,507.3128801,497.4494235,483.3350056,500.1556
Sweden,SWE,PISA: Mean performance on the science scale,512.1282707,506.1240974,503.3340058,495.1058981,484.7989658,493.4224
Switzerland,CHE,PISA: Mean performance on the mathematics scale,529,526.5531479,529.656147,533.9606449,530.931004,521.2506
Switzerland,CHE,PISA: Mean performance on the reading scale,494.3716192,499.1213982,499.2777835,500.5002119,509.0402497,492.1982
Switzerland,CHE,PISA: Mean performance on the science scale,495.6672456,512.9755341,511.5239098,516.5675102,515.2975235,505.5058
Syrian Arab Republic,SYR,PISA: Mean performance on the mathematics scale,,,,,,
Syrian Arab Republic,SYR,PISA: Mean performance on the reading scale,,,,,,
Syrian Arab Republic,SYR,PISA: Mean performance on the science scale,,,,,,
Tanzania,TZA,PISA: Mean performance on the mathematics scale,,,,,,
Tanzania,TZA,PISA: Mean performance on the reading scale,,,,,,
Tanzania,TZA,PISA: Mean performance on the science scale,,,,,,
Thailand,THA,PISA: Mean performance on the mathematics scale,432,416.9779603,417.0726143,418.583935,426.7374913,415.4638
Thailand,THA,PISA: Mean performance on the reading scale,430.6838733,419.9148291,416.7517647,421.3744142,441.2199343,409.1301
Thailand,THA,PISA: Mean performance on the science scale,436.3785367,429.0603781,421.0114694,425.2962849,443.9999351,421.3373
Togo,TGO,PISA: Mean performance on the mathematics scale,,,,,,
Togo,TGO,PISA: Mean performance on the reading scale,,,,,,
Togo,TGO,PISA: Mean performance on the science scale,,,,,,
Trinidad and Tobago,TTO,PISA: Mean performance on the mathematics scale,,,,414.0449667,,417.2434
Trinidad and Tobago,TTO,PISA: Mean performance on the reading scale,,,,416.4523319,,427.2733
Trinidad and Tobago,TTO,PISA: Mean performance on the science scale,,,,410.1956175,,424.5905
Tunisia,TUN,PISA: Mean performance on the mathematics scale,,358.7332222,365.479375,371.483503,387.8246296,366.818
Tunisia,TUN,PISA: Mean performance on the reading scale,,374.6224046,380.3368304,403.6326555,404.0784673,361.0555
Tunisia,TUN,PISA: Mean performance on the science scale,,384.6794219,385.5067139,400.6614842,398.0464509,386.4034
Turkey,TUR,PISA: Mean performance on the mathematics scale,,423.41941,423.9411901,445.4513402,447.984415,420.454
Turkey,TUR,PISA: Mean performance on the reading scale,,440.9709888,447.1411327,464.1943754,475.4914661,428.3351
Turkey,TUR,PISA: Mean performance on the science scale,,434.2233831,423.8327451,453.909718,463.4129091,425.4895
Uganda,UGA,PISA: Mean performance on the mathematics scale,,,,,,
Uganda,UGA,PISA: Mean performance on the reading scale,,,,,,
Uganda,UGA,PISA: Mean performance on the science scale,,,,,,
Ukraine,UKR,PISA: Mean performance on the mathematics scale,,,,,,
Ukraine,UKR,PISA: Mean performance on the reading scale,,,,,,
Ukraine,UKR,PISA: Mean performance on the science scale,,,,,,
United Arab Emirates,ARE,PISA: Mean performance on the mathematics scale,,,,,,427.4827
United Arab Emirates,ARE,PISA: Mean performance on the reading scale,,,,431.4161121,441.7037361,433.5423
United Arab Emirates,ARE,PISA: Mean performance on the science scale,,,,437.8064162,448.3702959,436.7311
United Kingdom,GBR,PISA: Mean performance on the mathematics scale,529,508.2580809,495.4441588,492.4140782,493.9342309,492.4785
United Kingdom,GBR,PISA: Mean performance on the reading scale,523,507.0127487,495.0835097,494.1820103,499.3231151,497.9719
United Kingdom,GBR,PISA: Mean performance on the science scale,532,518.4033877,514.7735478,513.7102401,514.1293211,509.2215
United States,USA,PISA: Mean performance on the mathematics scale,493,482.8850385,474.3521575,487.3965204,481.3667863,469.6285
United States,USA,PISA: Mean performance on the reading scale,504.4196912,495.182412,,499.8268211,497.5817181,496.9351
United States,USA,PISA: Mean performance on the science scale,499.4601516,491.2634628,488.9068368,502.002265,497.4098115,496.2424
Uruguay,URY,PISA: Mean performance on the mathematics scale,,422.1998793,426.7990409,426.7237727,409.2915679,417.9919
Uruguay,URY,PISA: Mean performance on the reading scale,,434.1497581,412.5167327,425.8133587,411.348919,436.5721
Uruguay,URY,PISA: Mean performance on the science scale,,438.3730127,428.1338848,427.2142497,415.8429355,435.363
"Venezuela, RB",VEN,PISA: Mean performance on the mathematics scale,,,,,,
"Venezuela, RB",VEN,PISA: Mean performance on the reading scale,,,,,,
"Venezuela, RB",VEN,PISA: Mean performance on the science scale,,,,,,
Vietnam,VNM,PISA: Mean performance on the mathematics scale,,,,,511.3382075,494.5183
Vietnam,VNM,PISA: Mean performance on the reading scale,,,,,508.2189904,486.7738
Vietnam,VNM,PISA: Mean performance on the science scale,,,,,528.423259,524.6445
West Bank and Gaza,PSE,PISA: Mean performance on the mathematics scale,,,,,,
West Bank and Gaza,PSE,PISA: Mean performance on the reading scale,,,,,,
West Bank and Gaza,PSE,PISA: Mean performance on the science scale,,,,,,
"Yemen, Rep.",YEM,PISA: Mean performance on the mathematics scale,,,,,,
"Yemen, Rep.",YEM,PISA: Mean performance on the reading scale,,,,,,
"Yemen, Rep.",YEM,PISA: Mean performance on the science scale,,,,,,
Zambia,ZMB,PISA: Mean performance on the mathematics scale,,,,,,
Zambia,ZMB,PISA: Mean performance on the reading scale,,,,,,
Zambia,ZMB,PISA: Mean performance on the science scale,,,,,,
Zimbabwe,ZWE,PISA: Mean performance on the mathematics scale,,,,,,
Zimbabwe,ZWE,PISA: Mean performance on the reading scale,,,,,,
Zimbabwe,ZWE,PISA: Mean performance on the science scale,,,,,,
,,,,,,,,
,,,,,,,,
,,,,,,,,
Data from database: Education Statistics: Learning Outcomes,,,,,,,,
Last Updated: 01/09/2018,,,,,,,,